ירושלים	281184
ליוורנו	-1
זאלקווא	-1
ווארשא	756135
טריפולי	-1
ווילנא	593116
לובלין	765876
קראקא	3094802
נאווי דוואהר	-1
וויניציאה	3164603
זולצבאך	-1
וינה	-1
קיעוו	703448
מאסקווע	524901
חוסט	-1
דירנפורט	-1
לודז'	-1
דראהאביטש	709611
פיורדה	-1
ירושלם	281184
קושטאנדינה	-1
קאלאמיי	-1
אמשטרדם	2759794
ווילנע	593116
קולומאה	-1
קאפוסט	-1
ויניציאה	3164603
הוראדנא	-1
אוסטרוג	-1
פרנקפורט דמין	-1
למברג	702550
לאדז'	-1
תל אביב	293397
בגדאד	-1
סלאוויטא	-1
תונס	-1
זיטאמיר	-1
שעדלעץ	-1
ריגע	-1
פרעמישלא	761168
אוסטרהא	-1
שקלאוו	-1
בילגורי	-1
ווארשע	756135
לעמבערג	702550
פריס	-1
סיגעט	667227
לבוב	702550
בילגורייא	-1
פיעטרקוב	-1
רעטיאג	-1
פרנקפורט דאודר	-1
פיטרקוב	-1
מונקאטש	-1
ברדיטשוב	-1
לאדזש	-1
תל-אביב	293397
ולנא	593116
יוזעפאף	-1
דיהרנפורט	-1
זאלקווי	-1
אוסרטהא	-1
נעוו-יארק	5128581
מינקוביץ	-1
פראג	-1
דובנא	709540
פולנאה	-1
שקלאב	-1
פלטבה	696643
בארג	-1
פראמפאל	-1
טשערנאוויץ	-1
ווארשי	756135
בערעזנע	-1
פטרבורג	-1
פרג	-1
חיפה	294801
ז'יטומיר	-1
פאקש	-1
ניו-יארק	5128581
פאריס	-1
ניו יארק	5128581
בערלין	2950159
ניו יורק	5128581
קניגסברג	-1
פראנקפורט א. מ.	-1
ברלין	2950159
ורשה	756135
ראמאן	668732
לונדון	-1
רודוס	400665
קרקוב	3094802
ווארשה	756135
פקש	-1
מנטובה	-1
וויען	-1
יפו	-1
ברוד	-1
וורשא	756135
גבעת ברנר	294998
אודסה	698740
"ס""ט פטרבורג"	-1
רעדעלהיים	-1
וילנה	593116
פראור	-1
מינסק	625144
סלאנים	621754
האמבורג	2911298
כלכתה	-1
סדילקוב	-1
לאדז	-1
קונסטאנטינופלה	-1
לאנדאן	-1
פרעסבורג	-1
צנז	-1
צפת	293100
הוסיאטין	-1
ניוארק	5128581
ווילנה	593116
ונזבק	-1
כארקאוו	-1
אדעס	698740
טורונטו	-1
טאראנטא	-1
סידלקאב	-1
סאלוניקו	734077
ווינא	-1
נויארק	5128581
קאלאמיא	-1
אדעססא	698740
קשיניב	-1
פינסק	623549
ווין	-1
הורדנה	-1
וילהרמסדורף	-1
בריסק	-1
קושטנידנה	-1
זאלקוי	-1
אזמיר	-1
מ' סיגעט	667227
נא אמון	-1
פראנקפורט	-1
מיץ	-1
קיידאן	598272
אנטווערפן.	-1
קמניץ	2940132
לעמברג	702550
ביאליסטאק	776069
סנט פטרבורג	-1
בודאפעשט	-1
ווענגראב	756046
בארדיטשב	-1
איזמירנה	-1
סדילקאב	-1
ויניזיא	3164603
ווילהרמרש דארף	-1
פונא	1259229
פאדובה	-1
ג'רבה	-1
קהיר	-1
ב'יינה	-1
אויגשפורג	-1
וינא	-1
אלכסנדריה	-1
מינכען	2867714
טשערנאוויטץ	-1
דובנה	709540
פרנקבורט דמיין	-1
פשעמישל	761168
אנטווערפן	-1
אוסטרה	-1
בומבי	-1
שקלוב	-1
אמסטרדם	2759794
קושטא	-1
טארנאפאל	-1
שאלוניקי	734077
פיזה	3170647
סוסה	-1
לונדן	-1
ליק	-1
דעווא	-1
ליייפציג	-1
"אר""ץ"	-1
ליפסיה	-1
סלאוויטה	-1
אמשטירדם	2759794
ג'נבה	-1
פיעטרוקב	-1
נויורק	5128581
בערעסטעטשקא	-1
בני ברק	295514
יאנוב	770473
ויניציזא	3164603
קאיירו	-1
ארם צובה	-1
וניציאה	3164603
אלג'יר	-1
בארדיטשוב	-1
אופנבך	-1
פיסא	3170647
שאראיי	-1
ריגא	456172
קובנה	598316
פרמישלה	761168
לומזה	766027
טירנוי	3057124
קישינוב	-1
ברעסלויא	3081368
זיטומיר	-1
וויזניטץ	-1
וויזניץ	-1
ברין	-1
נובי דבור	-1
ויניציה	3164603
קורפו	-1
ברילאן	-1
תלמסאן	-1
ניב'ייורק	5128581
פיורדא	-1
קארלסרוא	2892794
"פ""פ דאדר"	-1
פאלטאווא	696643
אמשטירדאם	2759794
רעדלהיים	-1
וינציאה	3164603
באסיליא	2661604
סאלוניקי	734077
דעסויא	2937959
מונקץ'	-1
ריוה די טרנטו	-1
דיהרן פארט	-1
זבריז	-1
אויביבאך	-1
במביי	-1
סטאניסלאב	707471
הומבורג	-1
בילוגראדו	792680
האנווא	-1
קאוונע	598316
טאלין	-1
אסכנדריה	-1
קאליש	-1
קאהיר	-1
סופיה	-1
וולינע	593116
סופיאה	-1
ראדזין	-1
קראקוי	3094802
האווי דוואהר	-1
סמרקנד	-1
האמעל	-1
באלקאני	-1
שיקאגא	4887398
בארדיוב	725168
ריווא דטרינטו	-1
רוסג'וק	-1
קראטאשין	-1
פתח תקוה	293918
קוספולי	-1
קושטאנטינה	-1
פיטרבורג	-1
שאלוניקו	734077
קאנטאבריגיא	-1
פירינצי	3176959
אפען	-1
קוסטאנדינה	-1
קרשאנוב	-1
פרסבורג	-1
שטעטטין	-1
רומא	3169070
סאטו-מארע	-1
פיוטרקוב	-1
קאוונא	598316
מצרים	-1
במבי	-1
וירונה	3164527
בארטפעלד	725168
יאסי	-1
לאורנו	-1
איזמיר	-1
סאטמאר	-1
פאריש	-1
שנגהאי	-1
פראנקפורט דמיין	-1
דרוהוביץ	709611
פרנקפורט דמיין	-1
קרמונה	-1
אודיסא	698740
פאריז	-1
"פ""פ דאדרה"	-1
כאזאבלאנכא	2553604
מרראקס	-1
וויענא	-1
מנשיסטיר	2643123
אפענבנאך	-1
בודאפעסט	-1
נוא-יארק	5128581
פראנפורט דמיין	-1
מינקאוויץ	-1
יוזפוף	-1
לינעוויל	-1
באסיליאה	2661604
בולונייא	3181928
שילוניקי	734077
"אמד""ם"	2759794
קושטנדינא	-1
פירארה	-1
ויניצייא	3164603
אופנבאך	-1
שיקאגע	4887398
דעווה	-1
אדעסא	698740
לפסיא	-1
האללע	-1
באסטאן	4930956
ווארשוי	756135
לעבערג	702550
בסליאה	2661604
קוגין	-1
ביינה	-1
באסעל	2661604
סביונטה	-1
וינידיג	3164603
בוענאס איירעס	3435910
וויטעבסק	620127
נייאי וויט	-1
דסאו	2937959
קרימונה	-1
יעסניץ	-1
גוזלווא	-1
גראיעווא	-1
סביוניטה	-1
אופיבאך	-1
קאניגסבערג	-1
הענוויא	-1
המבורגו	2911298
טראנאפול	-1
פילאדילפיא	4560349
קאלאמעא	-1
המבורג	2911298
זאלקווייא	-1
האלברשטאדט	-1
הנובר	2910831
טבריא	293322
פאדגורזע	-1
פרנקפורט דאדרא	-1
בוטשאטש	-1
למעבערג	702550
אפענבאך	-1
לנדון	-1
פילאדלפיא	4560349
פירטה	-1
פראנקפורט א.מ.	-1
לייפציג	-1
קצונטינא	-1
בארדיאב	725168
סנט לואיס	4407066
מעזיראוב	-1
פרנקפורט דאדרה	-1
קעטשקעמעט	3050434
קורוגישמי	-1
ויין	-1
אוקספורד	-1
קעניגסבערג	-1
בוקרשט	-1
וורשה	756135
בירות	-1
ליפציג	-1
אלטונא	-1
ווירסייליס	-1
אמשטלרדם	2759794
"פרנקפורט ע""נ מין"	-1
אוביבאך	-1
מראכש	-1
בגדד	-1
סט. לואיס	4407066
ווילהרמש דארף	-1
דעסוי	2937959
בזילאה	2661604
כלכתא	-1
ביאליסטאוק	776069
ויניזיאה	3164603
נוא יארק	5128581
ביאליסטק	776069
באזיליא	2661604
ביאליסטוק	776069
ווטצען	-1
ווייטצען	-1
וואטצען	-1
ליווערפול	-1
מארגרעטען	-1
ברוקלין	5110302
קלוז	681290
רחובות	293725
סלוניק	734077
כלכלתא	-1
מינץ	-1
קליינווארדיין	-1
לעמבורג	702550
איידטקוהנען	-1
יאהאנניסבורג	-1
פיליפפופולי	728193
ביליסטוק	776069
מיכאלאווצע	-1
קאששויא	724443
קאלאמעאה	-1
ניויורק	5128581
ניויארק	5128581
סנקט-פטרבורג	-1
זולצבך	-1
טובינגען	-1
בראדי	-1
אלעקסניץ	-1
פרנקפורט דאדר	-1
אופי באך	-1
שלוניקי	734077
שדה לבן	-1
פריבורג	-1
קארעץ	-1
פאריצך	-1
סלאפקוויץ	-1
שאלניקי	734077
פראנקפורט דאדר	-1
האנוואה	-1
באזיליאה	2661604
ונציה	3164603
שאמלויא	-1
דעעש	-1
אראדע גראסעארדיין	-1
טרנוב	-1
פראנקפורט על המיין	-1
איגלוי	-1
ווניציאה	3164603
טאלטשווא	-1
לודז	-1
ווראנוב	-1
ארשיווא	-1
קאשיצע	724443
ברעסלא	3081368
צרפנד	-1
ווילהמרשדארף	-1
ריווא דטרינט	-1
ניו-יורק	5128581
מארמאראשסיגעט	667227
הרובשוב	-1
טבריה	293322
פראנקפורט ע'נ מיין	-1
עין חרוד	-1
טשרנוביץ	-1
אלגיר	-1
טארנאוו	-1
מגנצא	-1
קארקא	3094802
רמת-גן	293788
איסטנבול	-1
מעקסיקע	-1
קושטאנדינא	-1
פאדגורזע אצל קראקא	-1
הידרנום	-1
בארדיאב סלאוואקיי	725168
לוק	-1
מאטעסאלקא	-1
אמסטערדאם	2759794
טרנא	-1
קונסענטימיקלאש	-1
ויניציא	3164603
באזיליה	2661604
סאטומארע	-1
קושטאנציא	-1
אמשטרדאם	2759794
פראגה	-1
פירארא	-1
אויגפשורג	-1
וויניציא	3164603
אדריאנופולי	747712
פזרו?	-1
קרקא	3094802
ויניצייאה	3164603
יאססי	-1
פירדא	-1
ליפסיא	-1
פשעמיסל	761168
סט פטרבורג	-1
בברויסק	630468
"פרנקפורט ענ""מ"	-1
שיקגו	4887398
טהארן	-1
בודאפשט	-1
קושטה	-1
האנובר	2910831
פרנקפורט	-1
איטליה	-1
מ. סיגעט	667227
פאדגורדא	-1
אוזהאראד	-1
נו-יארק	5128581
ליעדז	2644688
מעזובוש	-1
ווילמרש דארף	-1
נעזין	-1
קונסטאנטינופולי	-1
מוקצ'בו	-1
איסמירנה	-1
קלויזנבורג	681290
פרעמיסלא	761168
מאהלוב	-1
מאראמאראשסיגעט	667227
יאראסלויא	770380
ברוקלין-ניו-יארק	5110302
בארטפעלד בארדיאב	725168
פרזעמישל	761168
דיהרנפארט	-1
ברסלוי	3081368
פיערטקוב	-1
סאניק	-1
בואינוס איירס	3435910
נויוארק	5128581
באלטימאר	4347778
אונגוואר	-1
זלאטשוב	-1
העדרנום	-1
דמשק	170654
ריווה	-1
קושדאנדינא	-1
טרין	-1
פלשתינה	294640
האנוויא	-1
ריגייו	-1
בסיל	2661604
לונדריש	-1
אמשטילרדם	2759794
באקוי	685948
אודיסה	698740
קוונא	598316
פארדגורזש	-1
סינסינטי	-1
דעטראיט	4990729
טיסאלוניקי	734077
סניאטין	-1
קושטנטינה	-1
רימינו	6541863
פריז	-1
פרעססבורג	-1
קושטנדינה	-1
דיהרן פורט	-1
ורשא	756135
גרבא	-1
קושטנטינא	-1
אלונים	-1
בלוגראדו	792680
אופן באך	-1
דובראוונא	-1
מעזירוב	-1
בוקארעשט	-1
מינקאווץ	-1
בלגורייא	-1
איזנא	-1
איזנה	-1
בלגרד	792680
"קלוז""ש-קלויזענבורג"	681290
בוקאווסק	-1
ליידן	2751773
וווארשא	756135
אמשטילרדאם	2759794
טורקא	-1
פיעטרקאב	-1
אלטאנא	-1
בילסקו	-1
סטניסלאב	707471
סאנט לואיס	4407066
בילגוריי	-1
וין	-1
קאלקמעא	-1
בעקלעאן	-1
לאמזא	766027
יאס	-1
נא אמון-אלכסנדריאה	-1
סט. לואיס מא	4407066
קאוונה	598316
קיידאן ליטא	598272
גראייעווא	-1
סעאיני	-1
פאדגארזע	-1
קידן	598272
פרעסברוג	-1
יערוסלב	770380
זאקלווא	-1
פיראר	-1
אוביבך	-1
חארבין	-1
פרגא	-1
טורינו	3165524
ג'רבא	-1
טריעסט	-1
נאווי דווהר	-1
מישקאלץ	717582
קאששא	724443
אוהעלי	-1
קבנה	598316
קלוזש	681290
ריו דע זשאנעירא	-1
בוסטון	4930956
באטושאן	-1
טארנא	-1
וארשה	756135
אראדעא	-1
אזימרינה	-1
פילדלפיה	4560349
פעסט	-1
הרובישוב	-1
מעזירטש	-1
ברונא	-1
בילגוראדו	792680
ורנקבורט דמיין	-1
קיש-קערעש	-1
סופ'יאה	-1
פראגא	-1
בואנאס איירעס	3435910
מאנטרעאל	-1
פשמישל	761168
טאללין	-1
אטלאנטא	4180439
הילדעסהיים	-1
וואשינגטאן	-1
דרעזדען	-1
מונאטש	-1
יוזעפאב	-1
לאס אנגעלעס	-1
מוסקווע	524901
פילאדעלפיא פא.	4560349
נייארק	5128581
קאונאס	598316
פילאדעלפיא	4560349
זולבצאך	-1
פוד ברעזיץ	-1
פאריצק	-1
מיהאליוויטץ	-1
קעשענעוו	-1
קאונס	598316
נייפעסט	-1
דארפאט	-1
אונוואר	-1
והראן	-1
וארשא	756135
סאלוניק	734077
אוסטראה	-1
למבערג	702550
דאר לביצא	2553604
הרצליה	294778
באלטימאר מד.	4347778
זולקווא	-1
פדואה	-1
בוקורעשט	-1
דווינסק	-1
אדריאנופלה	747712
סטרי	-1
פעטערבורג	-1
ווארשויא	756135
לוצין	457776
קיווע	703448
פעטראגראד	-1
ויניצייה	3164603
עדמאנטאן	5946768
פדובה	-1
דוקלא	772857
לעמברעג	702550
"פ""ב"	-1
וואיטצען	-1
האמברוג	2911298
פיזרו	-1
טהראן	112931
"ס""ט פאטרבורג"	-1
מנטואה	-1
פרנקפורט דאדאר	-1
בודאפסט	-1
"ורנקנורט ע""נ מוין"	-1
גאלאנטהא	-1
טאנכיר	-1
טורנא	3057124
עדעלין	-1
צובה	-1
פיטערקוב	-1
האלבערשטאדט	-1
טשקינט	1512569
יקטרינוסלב	-1
קיוב	703448
וואללשטיין	-1
יוזעפף	-1
קאשוי	724443
פאזעוואלק	-1
אנטוורפן	-1
ואיטצען	-1
פיעטרקאוו	-1
פריש	-1
ויינא	-1
נירנבערג	2861650
סוליש	-1
באטאשאן	-1
זשענעוו	-1
ראטטרדם	2747891
סובאלק	757718
קלויזענבורג	681290
בעטלען	-1
ורשו	756135
"ס""ט-פטרבורג"	-1
וויעננא	-1
נאוואהרדאק	-1
מנשסתר	2643123
יאלעוויטץ	-1
גנווא	-1
בומבאי	-1
זאלקווה	-1
"פראנקפורט ע""נ מיין"	-1
דיהרנפרט	-1
פאנעוועז	-1
גרבה	-1
מוסקבה	524901
סט. פטרסבורג	-1
וילנא	593116
בבל	-1
פרנקפורט אדר	-1
נתניה	294071
אודססא	698740
סלוצק	621741
נירן בורג	2861650
מעזירטש גדול	-1
ורנקבורט	-1
פראנקפרט	-1
סאטו מארע	-1
באהסלב	-1
"פא""ס"	-1
בוקורישט	-1
קלוזש קלויזענבורג	681290
פראנקפורט א' מ'	-1
ראדוויל	-1
מאנשעסטער	2643123
בוענאס-אירעס	3435910
דראהביטש	709611
ני יורק	5128581
מוקאטש	-1
וניזייה	3164603
"פרנקפורט ע""נ מיין"	-1
מיהאלעוויטץ	-1
וורשוי	756135
סופ'ייה	-1
וארשע	756135
מאסקוויע	524901
מאנטריאל	-1
קצנטינה	-1
פעטראגרד	-1
האג	2747373
ליססא	3093524
ווילהרמרשדארף	-1
בואינוס אייריס	3435910
נייטרא	3058531
פולנאי	-1
ברדיטשב	-1
קארלסרוהע	2892794
קלוזענבורג	681290
ציריך	2657896
מודינא	6541461
נו יורק	5128581
ברוקפיעלד	-1
לידה	2751773
וורשע	756135
געטינגין	-1
"ס""ט פטרסבורג"	-1
קושטאנטי	-1
מוגאדור	-1
ווראשא	756135
בודפשט	-1
אנוירשה	-1
יאווארזנא	-1
לאשצוב	-1
לובאטשוב	-1
באריס	-1
בערעזנא גדול	-1
פיעט ...	-1
סוואליווע	-1
מעזריטש	-1
קושטאנטינא	-1
הורדאדנא	-1
בערעגסאס	-1
"פפד""מ"	-1
טיהינגן	-1
לפסיה	-1
יאהאנניסבערג	-1
"פפענ""מ"	-1
קוסטאנטינה	-1
רעדלעלהיים	-1
גוזלוו	-1
טריאסטי	-1
לייפסיג	-1
גיססן	-1
בודפסט	-1
רמת יוחנן	293774
קאטאוויץ	3096472
לינעוול	-1
טירנויא	3057124
עוופאטאריא	-1
קרוטושין	-1
הנאפר	2910831
עאליה	-1
קאפענהאגען	2618425
סיגוט	667227
צאנז	-1
הורדאנא	-1
קוסטאן	-1
ארם צובא	-1
קופנהגן	2618425
וורשווא	756135
גאלאנטא	-1
דירהנפורט	-1
קיירי	-1
קונסטאנטינופולה	-1
באקארעשט	-1
טשרנוביץ'	-1
ויניצאה	3164603
קושאנדינא	-1
סופיא	-1
ייאמבולי	-1
קלעא	-1
גוזלוב	-1
יוופאטורייא	-1
אלקהירה	-1
ווילהרמשדארף	-1
לנדן	-1
באלטימארע	4347778
פיטסבורג פא.	-1
אמסטרדאם	2759794
קיניגשבערג	-1
ראגענדארף	-1
יוזעפוף	-1
קיירה	-1
בענדין	3103719
טשרנאוויץ	-1
מוסקוה	524901
תוניס	-1
קליבלנד	5150529
ווינה	-1
בוקרסט	-1
צ'רנוביץ	-1
טראבלס גרב	-1
ארג'יל	-1
בענדר	-1
מנסשתר	2643123
גלאגוי	-1
בולגראדו	792680
ייאסע	-1
גטבורג	-1
מעזיבוז	-1
טירנור	3057124
בווינוס איירס	3435910
באג'דאד	-1
קרימוני	-1
ברדטשב	-1
זסלב	-1
וויטצען	-1
אטוואצק	762788
לאחוויץ	-1
קנטאבריגיא	-1
שאראי	-1
זאמאשטש	-1
בודא-פעסט	-1
בריסל	2800866
בסיליאה	2661604
פראנק פורט דאדר	-1
דעברעצען	721472
קוסטנטינא	-1
ניו יארק.	5128581
רדום	-1
טשענסטאכאוו	7532537
ס' פטרבורג	-1
אראדעא רומניא	-1
שלוניקו	734077
איסטאמבול	-1
קונסטאנטינופלי	-1
קוספלי	-1
קונסטאנטיפולה	-1
אליקסאנדריאה	-1
קאנסטאנטינופלה	-1
בוענאס-איירעס	3435910
שאלוניק	734077
סטאמבול	-1
קוסנסטאנטינופלה	-1
מעמעל	598098
בוקאריסט	-1
טיסאלוניקו	734077
קיב	703448
פאדובאה	-1
פירנצי	3176959
וואיצען	-1
נעוו יארק	5128581
טיסאלוניקיי	734077
פ'יליפפופולי	728193
סופייה	-1
סופי'ייה	-1
פריסבורג	-1
סאראייב'ו	-1
גראססוארדיין	-1
קעשינעוו	-1
אויבערווישא	-1
הלברשטט	-1
מנשסטר	2643123
קונסטאנטינפלה	-1
פיליפופולי	728193
אזמירנה	-1
סעיאיני	-1
קארלזרוהע	2892794
סופ'ייאה	-1
זאלק'	-1
טאטאר באזארג'יק	-1
קושטאנטינופולי	-1
סילאדי-שאמלוי	-1
קושטנאדינה	-1
תסלוניקי	734077
ברסלויא	3081368
עדן	-1
גראסווארדיין	-1
תיסאלוניקי	734077
טורנו סיווירין	678817
סט' לואיס	4407066
פאס	-1
שנגהי	-1
פאדגוזע	-1
האננאפער	2910831
ורנקפורט דמיין	-1
וויניפעג	-1
מאינץ	-1
קישינעוו	-1
קושטאנדינא אורטה קואי	-1
באטשאן	-1
מילהויזן	-1
פולטוה	696643
קסאנטי	-1
סטאניסלוי	707471
דובנא רבתי	709540
אתינא	264371
שקלאו	-1
פאדגרוזע	-1
קאונע	598316
ריוא דטרינט	-1
מגדיאל	-1
פרעמישל	761168
ברעסלוי	3081368
לונדריס	-1
אלטדורף	-1
מאלעניטץ	-1
אדעסע	698740
קונספלי	-1
ליאורני	-1
אמטשרדם	2759794
"ס""ט פעטערבורג"	-1
מעלבורן	-1
אפיקים	295743
קלוז'	681290
וואשא	756135
קעניגסערג	-1
ראמני	695464
פאריאש	-1
"פרנקפורט ע""ו מין"	-1
ועארשא	756135
הומנה	-1
שאמלוי	-1
הלברשטאטט	-1
סטניסלו	707471
פרנקפורט ענ' מיין	-1
סדילקאוו	-1
סטניסלב	707471
הענא	-1
שטראסבורג	-1
זאלקוויא	-1
קאלאמעיא	-1
משמר העמק	294185
פלאצק	3088825
לאנדן	-1
לאס אנדזשעלעס	-1
נ.י.	5128581
באלטימור	4347778
סט' פטרבורג	-1
לוגאנסק	-1
"ש""א אוהעל"	-1
ש.א. אוהעל	-1
טארנאו	-1
פאזען	3088171
ציון	281184
ברעאסלויא	3081368
ויען	-1
תל אביב-יפו	293397
מכנאסא	-1
דזשורסי סיטי	-1
"ס""ט פיטורבורג"	-1
פעשט	-1
פראנקפורט דמין	-1
"פראנקפורט א""מ"	-1
טירת צבי	293304
"ס""ט פטרבטרג"	-1
קאפינהאגין	2618425
בוקארעסט	-1
גוריציאה	-1
הורודנא	-1
ברודי	-1
"ירושת""ו"	281184
קרית ענבים	293847
ריגה	-1
בליזורקע	-1
קובל	-1
דראהוביטש	709611
דאנציג	3099434
דרוהוביטש	709611
גראסוואדיין	-1
סאטמר	-1
פשעמיש.	761168
בערדיטשיב	-1
סן פאולא	-1
רומה	3169070
האלי	-1
לעמערג	702550
קראקוב	3094802
וירבלן	-1
אודעססא	698740
יעקאטערינאסלאוו	-1
שטעעטטין	-1
מאסכאב	524901
פרנאנקפורט דאדדה	-1
בת ים	295548
דאר אלביצא	2553604
גבעת השלשה	-1
קשטאנטינה	-1
גבע	295038
מונטריאל	-1
בודפעשט	-1
"קונס""טמיקלאש"	-1
מארגהיטא	-1
וייצען	-1
קרקוי	3094802
מונקטאש	-1
מאנשעסטר	2643123
מאנטשעסטער	2643123
פעסטה	-1
פרמישלא	761168
קבוצת גורדוניה שדמות	-1
בג'דאד	-1
טארנא סלאוואקיי	-1
קלאמעא	-1
לעמברערג	702550
אורשיווא	-1
גנוסר	-1
זלקווע?	-1
סט' פעטערסבורג	-1
הוראדני	-1
גיסא	-1
אוז'הורוד	-1
אוזיהורוד	-1
ער מיהאליפאלווא	-1
פיטסבורג	-1
שימלעול סילוואניע	-1
מונקטש	-1
פיטטסבורג	-1
פיטטסבורג פא	-1
אנטורפן	-1
פיעטסבורג	-1
מוינשט	-1
אוזהאראד-אונגוואר	-1
אוזשהאראד-אונגוואר	-1
וואץ	-1
זאלשטשיק	-1
גרודנה	-1
קרים	-1
וואייטצען	-1
פורטו אלגרה	3452925
הוסיטין	-1
סאן פאולא	-1
סיגט	667227
אנטווערפען	-1
אוזהאראר-אונגוואר	-1
באברויסק	630468
ב' איירעס	3435910
פראנקפורט אם מאין	-1
הערמאננשטדאדט	667268
קארני	-1
זיאטמיר	-1
קעניגסברג	-1
רדזין	-1
רומי	3169070
"ת""א"	293397
זלקובי	-1
קראקאו	3094802
טראבלס	-1
זבאריז	-1
בארדטשוב	-1
פאנו	-1
זשעענוו	-1
רישא	-1
צרנוביץ	-1
סיגהעט	667227
בוענאס איירס	3435910
"פרנפורט ע""נ מיין"	-1
דנציג	3099434
מונקטאטש	-1
זלוטשוב	-1
"ס""ט לואיס"	4407066
סדיקלאב	-1
פיעקרקוב	-1
סטניסלאו	707471
האנוויאה	-1
ברהובה	-1
באמבערג	2952984
דעש	-1
סעיני	-1
יאראסלוי	770380
במבאי	-1
"פראנקפורט ע""נ מאין"	-1
דירן פורט	-1
רמת גן	293788
נענה	294135
דראאביטש	709611
לוצק	702569
פטרוגרד	-1
שטאמפי	-1
בואנוס איירוס	3435910
מוקאטשעווא	-1
"פרנקפוט ע""נ מין"	-1
פאלטישען	-1
פראסקרוב	-1
טשעבין	-1
מינקיוויץ	-1
פעטרקוב	-1
קפוסט	-1
קליוולאנד	5150529
וואנזיבעק	-1
בסילאה	2661604
פילאדעלפיא פ.א.	4560349
בונוס איריס	3435910
קארלסרוה	2892794
קישיניאוו	-1
פרילוקא	-1
קעשנוב	-1
פרמיסלא	761168
בערגסאס	-1
ניעזין	-1
טיסאסאספאלא	-1
סלונים	621754
יאאסי	-1
איזביצה לוב.אש	-1
איוואר	-1
בילגוריא	-1
באניהאד	-1
סיגעט רומניא	667227
טשנסטוחוב	7532537
מאהילוב	-1
זולץ באך	-1
קיידן	598272
סט. פטרבורג	-1
וואשרא	756135
פלוצק	3088825
"ס""ט פעטערסבורג"	-1
סאראקי	-1
דגניה ב'	-1
באהסלוב	-1
וואנזבעק	-1
אמשטערדאם	2759794
פילדלפיא	4560349
מרחביה	294260
מיהולוביץ	-1
אשדות-יעקב	-1
רובנה	-1
פרהא	-1
"פ""פ דמיין"	-1
קאליס	-1
ליפסיאה	-1
קיעלץ	-1
טאנגיר	-1
מונקאשט	-1
אקלאנד	-1
אלטונה	-1
קשינוב	-1
קושטאנדיה	-1
מארמארשסיגעט	667227
קאלאמע	-1
ברדישטוב	-1
טארנא סלאוואקי	-1
מ סיגעט	667227
פיררא	-1
נוירק	5128581
מילהויזען	-1
וויניציה	3164603
משק יגור	293248
פרנקר	-1
עיר הקדש	281184
מקוה ישראל	-1
זאלקויי	-1
זאלקאוו	-1
אופ' באך	-1
נואיארק	5128581
סטאמאר	-1
שידלאווצי	-1
רובנא	-1
סביניטה	-1
זאלקוו	-1
פראנקפורט דאדרא	-1
האנויא	-1
ברעזיץ	-1
פרנקפורד דאדר	-1
גארליצא	-1
פולטבה	630468
זאהרויא	-1
זאסלב בעיר מיידן	-1
אופען	-1
ראשון לציון	293703
טשערנאויץ	-1
קראטשין	-1
פרשבורג	-1
האליטש	-1
קרקו	3094802
זאלעשטשיקי	-1
קריסטיאניא	-1
פעטרוגראד	-1
חדרה	294946
אויבערוואישא	-1
פראנקפורט אם מיין	-1
סוגעט	667227
שאלונקי	734077
"פרקפורט ענ""מ"	-1
חרקוב	-1
לידא	-1
זולקוויא	-1
נאוויר דוואהר	-1
כפר יהושע	-1
"כפר מל""ל"	-1
לעסלא	-1
"קונסט""מיקלאש"	-1
אודסא	698740
ריווה דטרינטו	-1
אדעעסא	698740
ברדייטשוב	-1
ווייען	-1
לוס אנג'לס	-1
טריעסטי	-1
אמשטדם	2759794
קראקע	3094802
סלאויטא	-1
גאלאטץ	-1
לעווארדן	-1
קידאן	598272
קאשויא	724443
יוהניסבורג	993800
קונין	3095321
קולומיא	-1
"פראנקפורט ענ""מ"	-1
טשיקאגא	4887398
זיטאמעיר	-1
הלברשטאט	-1
ברינא	-1
פאדגארזע אצל קראקא	-1
קריובה	680332
לונדאן	-1
כאזאבאלנכא	2553604
קושטדינא	-1
ווירונא	3164527
מאזעסוויללע	-1
נס ציונה	294074
סינסיננאטי	-1
ריג'יו	-1
סבייוניטה	-1
צאר לביצא	2553604
סלאפקאוויץ	-1
קאניגבערג	-1
אמשרטדם	2759794
פשעמעשל	761168
בית השטה	-1
אוהעל	-1
נייא וויט	-1
ס' פעטרבורג	-1
הוראדנה	-1
ייאסי	-1
פרנקפורט א'מ	-1
סאמאש איוואר	677429
פרנקפורט-מאין	-1
הומנא	-1
טיהינגין	-1
פעטרבורג	-1
עססלינגען	-1
קנטאבריגיא קמבריג'	-1
ברעסלואי	3081368
שכונת ברוכוב	295055
קהיר מצרים	-1
ליוורנא	-1
זסלב בעיר מיידן	-1
מיניאפוליס	5037649
מונקאטץ	-1
בילוגרייא	-1
זאמאשט	-1
קייב	703448
קאזאבלאנקא	2553604
אראדע	-1
אוטרעכט	2745912
בלטימור	4347778
הומננה	-1
קאלאזשוואר	-1
בעטושאני	-1
נען	294135
ולוצלבק	-1
ריווא די טרינטו	-1
"ריווא דטרי""נט"	-1
יעוופאטורייא	-1
בית אלפא	295484
ווישא עליונה רומעני	-1
דיטרויט	4990729
אדעססע	698740
פראנקפורט א' מיין	-1
נוי יארק	5128581
קלוזש קלוזענבורג	681290
אדיססא	698740
אודיססא	698740
ארם-צובה	-1
גלזגוי	-1
בעקלעאן רומעניען	-1
פטרוגארד	-1
בילוגארדו	792680
פרזעמישלא	761168
קושאטנדינא	-1
עין גב	295218
עין חרד	-1
אוסטרוב-מזוב	-1
קאלומיא	-1
טרנופול	-1
באוטצן	2951881
ברוקלין-ניו יארק	5110302
סעגעד	-1
מאראמראשסיגעט	667227
רוסין	-1
תל אביב יפו	293397
העמק	294640
לישבונה	2267057
"פרנקפורט א""מ"	-1
קראסניבראד	-1
איפטוריה	-1
טאלשווא	-1
טשערנאוויטש	-1
פראנקפורט ענ' מיין	-1
דרהאביטש	709611
בית-אלפא	295484
טשקנט	1512569
יעקאטיערינאסלאוו	-1
פרנקפורט א מאין	-1
סעאני	-1
באלעחוב	-1
סט' לואיס מא'	4407066
ווארשאויא	756135
בארטפלד	725168
מיעלעץ	-1
פודגורזה	-1
וארשוי	756135
סילאדישאמלוי	-1
דיהר פורט	-1
יאסע	-1
בראטיסלאווא	-1
דראהעביטש	709611
בילגרורייא	-1
רודגס	-1
עין-חרוד	-1
בואינוס אירס	3435910
וארשויא	756135
ואיצן	-1
ליאורנא	-1
קלוז קלויזענבורג	681290
זאלצבאך	-1
פראנקפורט א' מאין	-1
"ש""א אויהעלי"	-1
קיפטון	3369157
בלגוריי	-1
קושיצה	724443
אורטונה	-1
בהמבורג	2911298
אדיסא	698740
טלז	593926
לענינגראד	-1
באזיל	2661604
סט' פעטערבורג	-1
סנקט פטרבורג	-1
ווירסאילליס	-1
בילסק-פודל	-1
ברעסלווא	3081368
ברעסלו	3081368
ריא די ז'נירו	-1
בארדיוב סלאוואקיי	725168
רביבים	-1
גוריציא	-1
בעקלען רומעניען	-1
ריא דע זשאניירא	-1
גראדנא	-1
באיא-מארע	-1
יאסטרזאמב	-1
פעטראקאוו	-1
נאווי דוואר	-1
קורץ	-1
לוס אנגיליס	-1
אונצדארף	-1
סאן פראנציסקא	-1
אופענבאך	-1
סעקעלהיד	-1
קלוזש רומניה	681290
עדינבורג	2650225
קולימיה	-1
בולגורייא	-1
ייוופאטוריאה	-1
ווילהרמרשדארץ	-1
ירסלב	770380
רעננה	293807
דוה	-1
"ראשל""צ"	293703
קישיניעב	-1
סטניסלבוב	707471
קוברין	627145
כנרת	-1
מילוואקי	-1
נוארק	5128581
מזיעראוב	-1
אורה	293976
סילאדי שאמלויא	-1
ווראנוב נ.ט.	-1
"ווראנוב נ""ט"	-1
שיאאוליי	-1
וילקבישקיס	-1
אוטריכט	2745912
סאספאלא	-1
אויבער-ווישא	-1
פוזנא	3088171
באזליאה	2661604
שכונת בורוכוב	295055
חוסט אונגריה	-1
פאשאן פרעסבורג	-1
טארנאפל	-1
זולקאוויא	-1
לאמזשע	766027
גראדנע	-1
סטאניסלאוואוו	707471
סאנטא פע	5490263
ראוונע	-1
משקאלץ	717582
קלויוענבורג	681290
סילאדישאמלויא	-1
ווינסטעד	-1
נובי-זמקי	-1
דיהרנפוט	-1
בורגאז	-1
נוייורק	5128581
שפיים	293538
ווראנוב נ' ט'	-1
קידאן ליטא	598272
נו יארק	5128581
זאלעשטשיק	-1
מונקאטאש	-1
טורדאששין	-1
הענויא	-1
רמת דוד	293791
רמת-דוד	293791
לידן	2751773
בגדאד?	-1
זאלישטשקי	-1
ריו ד'זנירו	-1
תל-חי	-1
סאנקט פעטערסבורג	-1
שטעטין	-1
פהילאדעלפיע	4560349
דעסיא	2937959
שטרסבורג	-1
באזל	2661604
קארלסרועה	2892794
בזליאה	2661604
וייען	-1
ברמן	2944388
קונסטנטינופלה	-1
קוטן	-1
האלבערשטאטט	-1
גרמניה	-1
זסלאב	-1
טשערנאוועץ	-1
וואנדעזבעק	-1
"לי""דא"	2751773
יאזעפאף	-1
ויאנה	-1
קאנטבריגיא	-1
אוזהאראד אונגוואר	-1
וירונא	3164527
בלטימארי	4347778
לווורנו	-1
נייאוויט	-1
פרעמישלה	761168
שרימם	-1
אלגזאיר	-1
וויניצע	3164603
בודאפעטשט	-1
ראוונא	-1
גאלגוי	-1
קיעב	703448
דיהרפורט	-1
קעשנעוו	-1
שערעשעוו	-1
סאנט פטרסבורג	-1
קאלאניע מאוריציא	-1
מאסקווא	524901
פטעראגראד	-1
לידז	2644688
נוי-יארק	5128581
האוואנא	-1
סווענציאן	-1
שיקאקא	4887398
כארקוב	-1
בנדין	3103719
קאטערינאסלאוו	-1
קאנסטאנטין	-1
ווארשא שדה לבן	-1
בארדיטשעוו	-1
רוס. און פוילן	-1
ליטא	-1
מענדאסא	-1
בוקורשטי	-1
ליטע	-1
קישיניאב	-1
בירעבידזשאנ	-1
אדדעסא	698740
לעטלאנד	-1
גליניאני	-1
פילאדעלפיע	4560349
קאפענהאגן	2618425
חארקאוו	-1
שטאקהאלם	2673730
זאגלעמביע	-1
פיעטערקוב	-1
שט. בירעבידזשאן	-1
בואנוס איירעס	3435910
ווראשע	756135
פולטוסק	760917
אסטראוו	-1
אמשטילודם	2759794
קראקויא	3094802
נאדבורנא	-1
הארטפארד קאננ.	4835797
וולאצלאוועק	-1
האראדענקע	-1
קייפטאון	3369157
מאנטעווידעא	-1
דענווער	5419384
קעשיניב	-1
בערדיטשוב	-1
ראדאם	-1
יערושאלאים	281184
ליבוי	-1
דרעדזדען	-1
בערדיטשעוו	-1
טשענסטחאוו	7532537
ביליסטאק	776069
טארנע	-1
ראדום	-1
לאמזע	766027
וויילנא	593116
באסטאן מאס	4930956
באלחוב	-1
פאשאני	-1
בענדער	-1
לאנדון	-1
לאז אנדזשעלעס	-1
קאצק	768861
לאס אנדשזעללעס	-1
בוטשטאט	-1
סעינט פאול מינג.	-1
מאהלעוו פאד	-1
באזעל	2661604
אלעקסאנדריע מצרים	-1
אלעקסאנדריא	-1
פהילאדעלפיא	4560349
בועניאס-איירעס	3435910
מלאווא	-1
נאוואגרודאק	-1
טאראנטא קאנארע	-1
פרעמישלאן	-1
פריסטיק	-1
קאמענעץ-פאדאלסק	-1
בעלץ	-1
וילנע	593116
סאראטאוו	-1
שיקאגו	4887398
אופי בך	-1
דיא האאג	2747373
וואלקאוויסק	620391
יעקטארינאסלאוו	-1
פאדגורשע	-1
סינסינעטי	-1
תל-אביב - יפו	293397
ווילקאווישקי	-1
פטרוקוב	-1
פיעטרבורג	-1
ס' פעטערבורג	-1
ס'-פעטערבורג	-1
קבנא	598316
רדלהיים	-1
דאנציק	3099434
אנווערס	-1
"באלטימאר מ""ד"	4347778
טוקומאן	-1
באקו	587084
קאוונאס	598316
פאלעסטינע	294640
יעקאטערינאלאוו	-1
בירעבידזאנ	-1
יאהאנעסבורג	993800
קאנין	3095321
פעטערסאן	-1
קיעעו	703448
קיעו	703448
פראנקאפורט דאדר	-1
נייאוויד אם רהיין	-1
הומעננע	-1
פערעיאסלאוו	-1
לטביה	-1
האאג	2747373
קרעמעניץ	-1
פשעמשעשל	761168
מוסקווה	524901
איישישאק	-1
ווילמינגטאן	-1
פשעמשיל	761168
"ס""ט פעטבורג"	-1
סאנטיאגא דע טשילע	-1
פאלטאווע	696643
פעטרגראד	-1
ריא דע זשאנעירא	-1
ריא דע זשנעירא	-1
יעקטערינאסלאוו	-1
קיייוו	703448
סטאניסלאוו	707471
דינאבורג	-1
קוטנא	3094170
לאשצב	-1
פאדגורזשע	-1
מאנטריעאל	-1
זלאטשאוו	-1
קעדאיניאי	598272
זיטמאיר	-1
סימפעראפאל	693805
יענא	2895044
אליקא	-1
ברידטשוב	-1
אקראן	5145476
מקנאס	-1
מאקאוו	-1
נדבורנא	-1
קאירה	-1
צינצינאטי	-1
הענווא	-1
ווילמרש דורף	-1
"פראנקפורט ע""נ"	-1
זיטמיר	-1
תל אביב?	293397
גינובה	-1
עכו	295721
פ'ליפפופולי	728193
יוזעפעף	-1
צ'נסטוכוב	7532537
ניקלשבורג	-1
מארראק'יס	-1
קוסטאנטינופלה	-1
סופייאה	-1
סמירנה	-1
קעזמארק	-1
מאזעסוויל	-1
אויפשט	-1
טאשנאד	-1
נ. י.	5128581
אסטראווא	-1
פשמשיל	761168
עין החורש	295213
רחבות	293725
בתלם חצר כנרת	-1
יבנאל	-1
ברוקלין נ.י.	5110302
וואשינגטאן די. סי.	-1
העלסינגפארס	658225
שאוול	-1
ארץ ישראל	294640
אירקוטסק	2023469
הולל	-1
נאווהרדק	-1
מצר	294224
אלעקסאט	-1
יאזלוויץ	-1
גראנינגען	2755251
חברון	285066
מדרס	-1
לאדי	-1
סאקועני	-1
עיש	-1
ארגיל	-1
לוגנסק	-1
מאהליב	-1
פטרסבורג	-1
אפטא	-1
שיבינינגן	-1
בוריסלב	-1
קרית חיים	293836
בומביי	-1
בלצי	-1
בלצה	-1
עדענבורג	3045190
מעזובוז	-1
פונה	1259229
סלבקוב	-1
יסי	-1
ברנוביץ	-1
בוברויסק	630468
טנהויזן	-1
חלב	-1
צפרו	-1
קוסטא	-1
וויסבאדן	-1
כזבלנכה	2553604
סאן פאולו	-1
שארוואר	-1
פולדא	2923822
קייוסטינדיל	-1
יגור	293248
אצפהאן	-1
פולין	-1
כסלון	-1
אשכנז	-1
רוסיא	-1
צלמנה	-1
שכרונה	-1
כבר	-1
עלטה	-1
רוסיה	-1
גרמניא	-1
כסלונה	-1
צלמונה	-1
קבצאל	-1
פרס	-1
סמבטיון	-1
כזיב	-1
פתור	-1
אמעריקי	-1
אכזיב	-1
אכזיבה	-1
חסדיה	-1
שלח	-1
לבנון	-1
סיני	-1
פארן	-1
ספרד	-1
אטליא	-1
סבסתפול	-1
תרצה	-1
אירופה	-1
אפריקי	-1
צרפת	-1
אנגליה	-1
מאסקויא	524901
תוגרמה	-1
מיסיסיפי	-1
הולנדיה	-1
ואהלין	-1
אמריקה	-1
תתרוב	-1
זיטאמירה	-1
רסיה	-1
קבציאל	-1
בטלון	-1
שושן	-1
גוזן	-1
לחלח	-1
חבור	-1
מדי	-1
קליבאן	-1
בובריקה	-1
בובריק	-1
יהופיץ	-1
קפריסין	-1
סרחון	-1
ודז	-1
אספמיא	-1
פולטאבה	696643
תוגרמא	-1
דלפונה	-1
סטמבול	-1
סדום	-1
בשן	-1
וואהלין	-1
קויקז	-1
שויציה	-1
ככסלון	-1
טיטיריבקה	-1
טונעיאדעווקי	-1
פרוסיא	-1
תימן	-1
מאראקא	-1
גאליציה	-1
גאליציאה	-1
חרסון	-1
חרנה	-1
כנען	-1
אשור	-1
חלח	-1
חבר	-1
חרסונה	-1
שיחור	-1
ארגינתינא	-1
ויכסיל	-1
בוביריק	-1
יהודה	-1
יבנה	-1
אושא	-1
פומבדיתא	-1
נהרדעא	-1
קבציאלה	-1
אמצוני	-1
בוביררריק	-1
בריטניה	-1
ירדן	-1
מוקדון	-1
אינדיא	-1
אמיריקא	-1
ברוטי	-1
ניסבון	-1
תימא	-1
ראסיע	-1
פרוט	-1
סיבסטופול	-1
ברטיינא	-1
אופיר	-1
טודילא	-1
עברא	-1
נסבון	-1
פרדון	-1
פרדיונה	-1
בריטאניה	-1
ירושתו	281184
אסיה	-1
קירואן	-1
כוש	-1
חוילה	-1
ירושלימה	281184
קאבצאנסקי	-1
טולידה	-1
הודו	-1
שנער	-1
תבור	-1
גאלינק	-1
חעלעם	-1
בויבעריק	-1
שבא	-1
אקערמאן	-1
ירמוליניץ	-1
שארוגרד	-1
גרידינג	-1
בערשיד	-1
סיביריה	-1
באלטה	-1
יון	-1
פיתום	-1
רעמסס	-1
דניפרונה	-1
דניפרון	-1
פעלדקירך	-1
רומיניה	-1
עמורה	-1
אויסטריה	-1
הינדיקי	-1
סיביר	-1
יעקטרינוסלב	-1
מיר	-1
אמעריקא	-1
שאריגראד	-1
בויביריק	-1
קאבצאנסק	-1
אמיריקה	-1
מארוקה	-1
בוביריקה	-1
רדיטשוב	-1
שנעפפענטהאל	-1
גאטינגען	-1
עפעזוס	-1
ציוריך	2657896
בולוגנא	3181928
איטאליה	-1
שוועדין	-1
שוועדען	-1
קאנאריען	-1
נארוועגען	-1
אדען	-1
ערב	-1
אפריקא	-1
נילפפערד	-1
הערקולאנום	-1
פאמפעיא	-1
אזיה	-1
טאבאלסק	-1
גאנגעס	-1
זאהרא	-1
נוביען	-1
אבסיניען	-1
ינדוס	-1
אביסיניען	-1
גרמאניה	-1
הולאנד	-1
עלזאס	-1
לאטהרינגען	-1
בורגונד	-1
נארמאנדיה	-1
דאנעמארק	-1
איסלאנד	-1
אטטלאנד	-1
שווייץ	-1
מאהרען	-1
אילליריען	-1
מאלאקא	-1
יאפאן	-1
גראנלאנד	-1
גווינעא	-1
מאדאגאסקאר	-1
בארנעא	-1
צעלעבעס	-1
פערו	-1
גוויאנא	-1
פאראגווא	-1
פאמעראאן	-1
קארטהאגענא	-1
זומאטרא	-1
אראניען	-1
פאריזה	-1
קאנגא	-1
אנגאלא	-1
בענגאליען	-1
אינדוס	-1
יומנא	-1
גיבראלטאר	-1
אראביען	-1
גאמביא	-1
הערמאפאליס	-1
קאיענע	-1
אויסטראליה	-1
ציילאן	-1
ארענאקא	-1
בראזיליען	-1
אוראל	-1
פאלעסטינא	-1
פיזא	3170647
יעניסייא	-1
זיביריען	-1
שלעזיען	-1
מעקלענבורג	-1
טהירענגען	-1
באיירען	-1
מאגדעבורג	-1
לענא	-1
חינא	-1
זאהארא	-1
גרויבינדען	-1
וואליס	-1
סאוואיען	-1
קארנטהען	-1
טיראל	-1
קארפאטהען	-1
פירענאען	-1
אלפען	-1
זאכסען	-1
באגעמיא	-1
טהירינגיען	-1
גאטהא	-1
קאבורג	-1
בערן	-1
ווערמלאנד	-1
רוססיא	-1
קאמטשאטקא	-1
נומידיען	-1
מיססורי	-1
קאליפארניאן	-1
חילע	-1
זונדא	-1
שפיטצבערגען	-1
איסלנד	-1
הודזאנסבייא	-1
דאן	-1
דניעסטער	-1
יאפא	-1
קאנארא	-1
ווירגיניען	-1
קורילען	-1
בערינג	-1
פראנקרייך	-1
מעקסיקא	-1
מאנטע	-1
פידעא	-1
בערבערייא	-1
קאנסטאנטינאפעל	-1
זאנס	-1
זוצי	-1
קאראאיבים	-1
מאנטילימארט	-1
גאטטהארד	-1
צוג	-1
זמירנא	-1
עלטערליין	-1
פראנקפורטה	-1
אדער	-1
עלטערליינה	-1
בערלינה	2950159
קאלאפאניע	-1
ליציען	-1
טיבער	-1
אלבאניען	-1
פאטסדאם	-1
לודוויגסבורג	-1
רהיין	-1
אוקריינע	-1
קאלומביא	-1
גריעכענלאנד	-1
מאזאמביק	-1
קארדאפאן	-1
וואלגא	-1
בייאקאל	-1
אלעאוט	-1
סוריה	-1
בערברייא	-1
הימאלאיא	-1
אלגיער	-1
דאנגאלא	-1
טאווער	-1
טהעבען	-1
טהראציען	-1
אחעלאאס	-1
אקערנאניען	-1
סוריא	-1
פאליסטינא	-1
באגדאד	-1
קוזיסטאן	-1
טיגריס	-1
בעלודשיסטאן	-1
גוצארעטע	-1
גוצאראטע	-1
טשאד	-1
קאססעל	-1
פאדהאר	-1
מויריטאניען	-1
וויימאר	-1
קאקאזוס	-1
אבי	-1
אירקוטצק	-1
אמור	-1
קארעיא	-1
אנדשורייא	-1
טיבעט	-1
נעפאל	-1
זומטרא	-1
זערינגאפאטאם	-1
קאלאמבייא	-1
גוצוראטא	-1
פעקינג	-1
קאבי	-1
שענזי	-1
זיאם	-1
פאראנא	-1
פערנאנדא	-1
בוענאווענטורא	-1
אנדען	-1
טהירינגען	-1
אראל	-1
קויקאזוס	-1
וויכסעל	-1
אנגארא	-1
אנגאראקאטצע	-1
טהארען	-1
מאדריד	-1
בריססעל	2800866
בריסעל	2800866
ארמעניען	-1
אראן	-1
דאפיס	-1
דאפיסשטראססע	-1
געארגיא	-1
אלייטים	-1
הולאנדיה	-1
אויסטראליען	-1
אסטררייך	-1
שאנברונן	-1
זאלצבורג	-1
פענזילוואניען	-1
זאוואייא	-1
עסטרייך	-1
פינצעננעס	-1
קאטונגא	-1
שלעזוויג	-1
האלשטיין	-1
דענעמארק	-1
בייארן	-1
דאנוי	-1
עלבע	-1
ווייכסעל	-1
פינלאנד	-1
בארבי	-1
לאבראדאר	-1
חילי	-1
איטליא	-1
זיציעליען	-1
פאלאסטינא	-1
אלפענהאזע	-1
באלעארען	-1
זארדיניען	-1
נעאפאל	-1
אזאם	-1
ארבעלא	-1
בבלה	-1
מקדוניה	-1
מאווריטאניה	-1
זיציליאן	-1
הינדאסטאן	-1
פעגו	-1
אפא	-1
לאא	-1
קאמבאיא	-1
נעאפעל	-1
קאלקוטטא	-1
ליביען	-1
ניגער	-1
פערזאלליס	-1
נילוס	-1
טשאדי	-1
צינציננאטי	-1
ארקאדיען	-1
פלאטא	-1
אנדאלוזיען	-1
טענעריפא	-1
טאטארייא	-1
פרת	-1
קהאייבאר	-1
מעזאפאטאמיען	-1
פאלמירא	-1
עדשאס	-1
באססארא	-1
חיווא	-1
בוכארייא	-1
בילמא	-1
גאליציען	-1
אסטוריען	-1
אטלאנד	-1
קארסיקא	-1
פאנטאינעבלע	-1
אתונא	264371
בוכארא	-1
זענעגאל	-1
טאמבוקטו	-1
מאראקקא	-1
דארפור	-1
קייארא	-1
זענאאר	-1
זועץ	-1
נעדשד	-1
ארענבורג	-1
קיאחטא	-1
טענעריפע	-1
טאמבוקטוא	-1
טריפאליס	-1
סודאן	-1
דעלטא	-1
ברבר	-1
אמאן	250441
אדראמויט	-1
יעמען	-1
מעקקא	-1
מעדינא	-1
אפגאניסטאן	-1
ארמוז	-1
איזפאהן	-1
טויריס	-1
זעמיפאלאטינסק	-1
זאלאניקי	734077
בעלגראד	792680
גאבי	-1
באייקאל	-1
איטאליא	-1
פאטאגאניען	-1
קארדילערען	-1
טאנקין	-1
אויסטרליה	-1
טאקהאלם	2673730
פעטערסבורג	-1
שאטטלאנד	-1
לאפלאנד	-1
אסטראוונאיע	-1
קופפערמינען	-1
מאריטצבורג	-1
פאסטדאם	-1
וועסטפאלען	-1
ברוינשווייג	-1
האנאווער	2910831
טאטרא	-1
קוקאזוס	-1
בערנינא	-1
ענגאדינע	-1
רייכענהאלה	-1
אלפענראזכען	-1
טוזירוס	-1
אימויס	-1
זימפלאן	-1
קאשעמיר	-1
סמירנא	-1
סארדעס	-1
מאנטבלאנק	-1
אלטייא	-1
אטלאס	-1
כפתור	-1
ציפערן	-1
חערסאן	-1
לינעבורג	-1
הללאנד	-1
לייצעסטער	-1
לינקאלן	-1
ראמנייא	-1
לאמבארדייא	-1
אונגארן	-1
וואלאכייא	-1
סענעגאל	-1
גוינעא	-1
כילאי	-1
קאסטיליען	-1
ארראגאניען	-1
עסטראמאדורא	-1
שטוטגארד	2825297
זענדוויך	-1
טירקייא	-1
מאלדויא	-1
טאגאנראג	-1
פינמארקען	-1
נארטהומבערלאנד	-1
חיללינגהאם	-1
פאדאליען	-1
פרטוגאל	-1
טהעסאליען	-1
מופה	-1
מעמפיס	-1
ראקי	-1
קארלטאן	-1
ביגהארן	-1
יעלאוסטאנא	-1
אוגארן	-1
בעלט	-1
יוטלאנד	-1
פיננען	-1
פאמאנא	-1
טימאר	-1
זונדים	-1
גאדהאפן	-1
באפינס	-1
בעהרינגסשטראסע	-1
קורילא	-1
לאפאטקא	-1
חיליע	-1
קאנצעפציאן	-1
נרש	-1
שפאניא	-1
פאניען	-1
גראנאדא	-1
סני	-1
נארוועגיה	-1
שוועדיה	-1
יורא	-1
מאדאגסקאר	-1
מסקארענים	-1
בורבאן	-1
מוירטיוס	-1
ראדריגועץ	-1
צרפתה	-1
אופאלא	-1
טאגיטי	-1
אסטרליה	-1
טעעווארטי	-1
זעעלאנד	-1
פאממערן	-1
פאפיא	-1
ברבריא	-1
טולאן	-1
מינארקא	-1
בלעאריען	-1
מאדערא	-1
פרטגוליה	-1
מאבריציה	-1
פהיליפינען	-1
גאלאמפאגאס	-1
פאלקלאנד	-1
מאלאבאר	-1
סודאהן	-1
אנדעס	-1
קאלומביען	-1
לימא	-1
חארלעסטאן	-1
האמסטעאד	-1
ענגאדינא	-1
תתרים	-1
אררט	-1
טויריים	-1
סרדיניה	-1
אונטערוואלדען	-1
ווייכסיל	-1
מיינץ	-1
מאלטא	-1
פלאנדריא	-1
בעדפארד	-1
לאפאדיים	-1
נרוועגיה	-1
קאנסטאנטינאפל	-1
קיירא	-1
מעסויא	-1
אוראלאיילע	-1
דאנצינג	-1
עלבינג	-1
קארפאטים	-1
דאנויא	-1
אלפענפאגעל	-1
אפענינען	-1
ארינאקא	-1
סעניגאל	-1
נארוועגיא	-1
טרינידאד	-1
סיציליה	-1
פאלערמא	-1
אונגאריה	-1
אביסיניה	-1
קאנאריים	-1
מערילאנד	-1
יאפן	-1
אונגריה	-1
פאפוא	-1
זאנדוויך	-1
מקסיקא	-1
פענסילוואניה	-1
קאליפורניה	-1
באהיא	-1
לואיזיאנא	-1
קאראלינא	-1
אהיא	-1
אילליאנוס	-1
עריע	-1
אוסטרליה	-1
בראזיליה	-1
פיליפיניען	-1
מאלוקען	-1
בענגאליה	-1
תרשיש	-1
סיאם	-1
סומטרא	-1
טראנקעבאר	-1
סומטרה	-1
לוצאן	-1
באגטא	-1
גומר	-1
טענעריפי	-1
פלימוטה	-1
קאלכיס	-1
לידיה	294421
חינה	-1
אירלאנדיה	-1
פלוניא	-1
פרוסיה	-1
אטלאנדיה	-1
אנהאלט	-1
דראנטהיים	-1
קארסיקי	-1
קאפרי	-1
סארענטא	-1
ברצלונא	3128760
טראגאנא	-1
פרובינצי	-1
מסקויא	524901
מארעא	-1
טהירנגען	-1
סערביה	-1
באסניה	-1
חלבון	-1
אלעפפא	-1
הואלאנדיה	-1
בעלגיה	-1
הרלעם	-1
ליידען	2751773
איספאהאן	-1
ווענדיג	3164603
קענתוכי	-1
סאהארא	-1
פאטאגאניה	-1
סארדיניה	-1
לאפלאנדיה	-1
נומידיה	-1
אינגריה	-1
זעמלין	-1
דעלפט	-1
נילרייהער	-1
שוייציה	-1
איסלאנדיה	-1
דעלתא	-1
אוסטראליה	-1
מענזאלעה	-1
אייערלאנד	-1
שאטלאנדיה	-1
קאפענהגען	2618425
מאלואינים	-1
ארקאדען	-1
לאפאטים	-1
סקאנדינאויה	-1
גראנלאנדיה	-1
אוקלנד	-1
וואלאכיה	-1
באנאט	-1
באיערן	-1
קורלאנדיה	-1
סקאנדינאוויה	-1
קאיסטראס	-1
פענייאס	-1
קאנאדא	-1
קאפיטאל	-1
נארדלאנדיה	-1
פינמארקיה	-1
דאניה	-1
בארבאריה	-1
מאלייא	-1
שומרון	-1
פורטוגליה	-1
גלאגויא	-1
כנרות	-1
פאניא	-1
וואלינין	-1
טעטערעוו	-1
אנסבאך	-1
איירופה	-1
גאלאפאגוס	-1
פעטערבורא	-1
ברזיליה	-1
מויריטיוס	-1
גאלאפאגא	-1
גאלאפאגאס	-1
דאלמאציה	-1
גוויאנה	-1
מאינא	-1
פנסילוואניה	-1
קאמברידש	-1
בעלמאנט	-1
אמאצאני	-1
עסעקוועבא	-1
געארגיה	-1
פלארידה	-1
ניגארא	-1
באנטאם	-1
יאמאיקא	-1
קאלאמבא	-1
אויסטראליא	-1
נילקראקאדיל	-1
חרטום	-1
עלעפאנטיני	-1
סומאטרה	-1
מגדילינה	-1
גאנגעסקראקאדיל	-1
עסעקוויבא	-1
נילוואראן	-1
קאירא	-1
פאראגווייא	-1
מרטיניק	-1
שווייציה	-1
וטלנדיה	-1
ארכאנגיל	-1
יאפה	-1
מדאגסקאר	-1
מאלוקים	-1
קארולינה	-1
אמבואנא	-1
פהיליפינים	-1
נוביה	-1
טרטאריה	-1
בוכאריה	-1
מאריאנים	-1
טערעק	-1
סרפא	-1
איסטריען	-1
אונגריא	-1
סהרא	-1
סיניגאל	-1
סורינאם	-1
שפניא	-1
פורטוגל	-1
קאלומביה	-1
עפידוירוס	-1
טרטרייא	-1
דניעפער	-1
טאסקאנה	-1
איליריה	-1
באמבייא	-1
סומטריה	-1
ווענעדיג	3164603
ברנעא	-1
מארטיניק	-1
יאפאניה	-1
געארגעטאון	-1
ניפאן	-1
עסטעררייך	-1
אדעלסבערג	-1
ראדוס	-1
שור	-1
כוב	-1
דלמאציה	-1
קויקאזיה	-1
גאליה	-1
בראזיליא	-1
אקרמן	-1
פולניא	-1
קאנדיא	-1
צור	-1
סיראקוז	-1
קאדעקס	-1
אלימפי	-1
כרמל	281184
ככרמל	281184
בריני	-1
טשערניוויץ	-1
ברצילוניא	3128760
פאדובא	-1
פערארא	-1
אלכסנדריא	-1
קעלן	2886242
אלוויה	-1
בוג	-1
פאנטיקאפעא	-1
קערטש	-1
חערסאנעס	-1
קארסון	-1
סעוואסטאפאל	-1
טאנהאיס	-1
דונויא	-1
מעהרן	-1
בעהמען	-1
פאמעראניה	-1
אילמען	-1
טשוד	-1
דנעפר	-1
דנעסטר	-1
פריפעט	-1
דווינה	-1
והוואלגה	-1
סמאלענסק	-1
פאלאצק	-1
נאווגאראד	-1
וואלחאוו	-1
צארעגראד	-1
קיובעץ	-1
נעמען	-1
קאמה	-1
ביארמיה	-1
ולגה	-1
וואלגה	-1
אטעל	-1
אלאנגיאר	-1
יוטלאנדיה	-1
בעלהאזעריה	-1
איזבארסק	-1
נעמאן	-1
ביזאנטיה	-1
קארעסטען	-1
קאנסטאנטינאפאל	-1
פערעיאסלעוועץ	-1
בולגאריה	-1
דאראסטאל	-1
סיליסטריה	-1
אברוטש	-1
מוראם	-1
בערעסט	-1
אלטה	-1
קויקאז	-1
יוריעוו	-1
יאראסלאוול	-1
צערניגוב	-1
וולאדימיר	-1
וואלין	-1
טמוטאראקאן	-1
ראזאן	-1
יובעץ	-1
ליובעץ	-1
בעלגאראד	-1
זדווישען	-1
ויטיטשעוו	-1
וויטיטשעוו	-1
סאלה	-1
קלאזמה	-1
סוזדאליה	-1
ראסטאוו	501183
סוזדאל	-1
פערעיאסלאוול	-1
אקה	-1
באגאליובאוו	-1
סעווערסק	-1
דעסנה	-1
סיים	-1
סטאראדוב	-1
פוטיוול	-1
קורסק	-1
בראנסק	-1
קאלאמנה	-1
פראנסק	-1
פראנה	-1
בערעזינה	-1
וויטעפסק	620127
טאראפעץ	-1
וויאזמא	-1
אזאיסק	-1
פריפיט	-1
טוראוו	-1
גאליטש	-1
טערעבבל	-1
זוועניגארד	-1
טשודי	-1
סאפיה	-1
לאדאגה	-1
רוסה	-1
לוקי	-1
טארזאק	-1
פסקאוו	-1
וויאטסק	-1
וויאטקה	-1
חלינאוו	-1
ליוואניה	-1
ברעמען	2944388
דערפט	-1
אדענפע	-1
קאליבאן	-1
רעוועל	-1
קאלקה	-1
סיטי	-1
מאלאגה	-1
קאזעלסק	-1
ביאנטיה	-1
אכטובה	-1
סארייא	-1
נעווה	-1
ביזאנציה	-1
צערנוגוב	-1
ויטיצעוו	-1
פסקאו	-1
קאזאן	-1
פעטשערסק	-1
קאיאלה	-1
פוטיביל	-1
פאליסטינה	-1
קערנאוו	-1
וויליה	-1
נאוואגראדקע	-1
טשערניגוב	-1
אוסטריה	-1
ווארסקלה	-1
טאננענבערג	-1
מאגדענבורג	-1
קאמעניץ	2940132
לייפציגה	-1
עברים	-1
מאהילעוו	-1
קאפולי	-1
וולינא	593116
מעלניקי	-1
קאפוליע	-1
פאדאלסקי	-1
נדזשוריה	-1
קנדיא	-1
שרון	-1
מצרימה	-1
מואב	-1
עשק	-1
שטנה	-1
צוער	-1
מצפה	-1
סכת	-1
שמרון	-1
ברטנורה	-1
שכם	-1
גריזים	-1
אנגלטירא	-1
עיבל	-1
קרעמניץ	-1
פדאליע	-1
בראד	-1
סיראקוס	-1
איראפא	-1
אזיא	-1
גיחון	-1
חדקל	-1
קדר	-1
מאנגאל	-1
אסטאינדיען	-1
און	-1
איספמיא	-1
ישפאניא	-1
בריטאניא	-1
ענגלאנד	-1
שוועדן	-1
נארוועגן	-1
ועסטאינדיא	-1
פירא	-1
בריטאניאה	-1
שוויץ	-1
לוזאנה	2659994
אנגליאה	-1
אונגרין	-1
סטאנבול	-1
איירופא	-1
לאקאניע	-1
גלעד	295121
מוריה	-1
מדין	-1
אירופי	-1
אסיאה	-1
סאטנוב	-1
אמריקא	-1
ארפיא	-1
יטשאטש	-1
גאליציא	-1
האלנד	-1
פרעשבורג	-1
ענגילאנד	-1
פיליפו	-1
האלנדא	-1
גרענלאנד	-1
האלאנד	-1
איתנוס	-1
ציציליא	-1
עקלא	-1
פעזוף	-1
נעאפאלי	-1
סיציליען	-1
עטנא	-1
דענע	-1
ארק	-1
קעלין	2886242
טענריפע	-1
ימבאראטי	-1
דאווער	-1
קאלעז	-1
ליזענסק	-1
טשארנאביל	-1
פרשעווארסק	-1
ראשקוב	-1
נעמרוב	-1
עזבוש	-1
קורדאן	-1
פולשטין	-1
סימבור	-1
פולטשין	-1
פילשטין	-1
זאלוזין	-1
אשטשוב	-1
ליטין	-1
וטשאטש	-1
אונגארין	-1
סאמביר	-1
פעטירבארג	-1
זאסלאב	-1
האניפאלי	-1
אוסטרא	-1
זלאטשאב	-1
ארדיטשיב	-1
דישפאל	-1
קוטיב	-1
טילטשין	-1
קראסני	-1
זוראווני	-1
זוראוונע	-1
עזביש	-1
פילזא	-1
גאלאץ	-1
טירקייע	-1
קאברין	627145
כוזר	-1
גאליציע	-1
מעזבוז	-1
ארדיטשוב	-1
רוסלאנד	-1
באלז	-1
בראצליב	-1
בערליין	-1
בריקס	-1
אבדרי	-1
אוקריינא	-1
אירופא	-1
באזעלה	2661604
פאדאליע	-1
אדעסיע	698740
יעזר	-1
קאמינקע	-1
חערזאן	-1
קאטערינאסלאב	-1
זוטאמיר	-1
אמשרטדאם	2759794
ואלחאיי	-1
קוטב	-1
קריבוש	-1
קריבווש	-1
ברעהין	-1
ברייאהין	-1
עזיבוז	-1
טיטשילנק	-1
מעזיריטיש	-1
טולטשין	-1
קאמיניץ	2940132
טשארנביל	-1
באלטע	-1
באלטי	-1
טיטשילניק	-1
בלטע	-1
שארי	-1
גראד	-1
ראשקאב	-1
ראשקב	-1
לאדיזען	-1
חמעלניק	-1
עזבוז	-1
זאסלב	-1
דראזניץ	-1
פאוולויץ	-1
באר	-1
טארטשין	-1
הנעפאלי	-1
פאווליץ	-1
פולינאה	-1
טאמאשפאלי	-1
האריחוב	-1
פולונאי	-1
חוואסטוב	-1
אנעפאליע	-1
חוואשטאב	-1
חוואסטיב	-1
אנפאליע	-1
לעטישוב	-1
לאדמיר	-1
מעזיריטש	-1
אטאנאב	-1
טשיטשיליק	-1
קאסוב	-1
קאריץ	-1
מאריפאליע	-1
דראזנע	-1
הראדענקע	-1
לאדיזין	-1
פולינאי	-1
פאווליטש	-1
קארושטסאב	-1
וואלאחאיי	-1
וויינעציא	-1
ווינציא	-1
קוטעב	-1
קראסניע	-1
טובעריג	-1
לעטשוב	-1
הוראדנע	-1
מיקאלאייב	-1
אליק	-1
טשארנאבל	-1
לייפסק	-1
וואלחייא	-1
מיראפאלי	-1
קארץ	-1
הראדינקי	-1
פאדהייצע	-1
פלאניא	-1
מאלאגא	-1
אונגארי	-1
בוסק	-1
גרעפענבערג	-1
פאניע	-1
פארט	-1
לינעל	-1
קסערעס	-1
קאנסטאנציא	-1
מאזעל	-1
ריין	-1
טורקיא	-1
סינא	-1
אונגערן	-1
אייראפא	-1
פאלען	-1
פרייסען	-1
טילזיט	-1
ארטעלסבורג	-1
יהאנסבורג	993800
יהסב	993800
ליאננאי	-1
ראהנע	-1
ליאן	-1
דייטשלאנד	-1
פיהם	-1
מערין	-1
בריזען	-1
בארטענשטיין	-1
טילזעט	-1
נימען	-1
בארדא	-1
נאנסיא	-1
קאלמאר	-1
באיאננע	-1
מארזיילע	-1
מעטץ	-1
נידערלאנד	-1
זאקסען	-1
בראנדענבורג	-1
רהיינפראווינץ	-1
פרעגעל	-1
ברוינסבערג	-1
גובער	-1
איילויא	-1
היילסבערג	-1
אללענשטיין	-1
אללענבורג	-1
ווארמדיט	-1
אסטראדע	-1
אינסטערבורג	-1
אינסטער	-1
גאלדאפ	-1
אנגערבורג	-1
קאלן	2886242
אסטרייך	-1
מיהלהויזען	-1
קאנשטאנטינאפעל	-1
איטאליען	-1
טורין	3165524
סוררי	-1
עלבונג	-1
דירשויא	-1
שטארגארד	-1
ניישטאדט	-1
ריזענבורג	-1
ראזענבערג	-1
גאללוב	-1
בראמבערג	-1
ווארטהע	-1
ראוויטש	-1
מעזעריטץ	-1
גנעזען	-1
שניידעמיהל	-1
שפרעע	-1
האפעל	-1
שפאנדויא	-1
שארלאטענבורג	-1
ראטהענאוו	-1
פרענצלאוו	-1
האפעלבערג	-1
פערלבערג	-1
נייאשטאדט	-1
לאנדסבערג	-1
קיסטרין	-1
נייסע	-1
היילצבערג	-1
אונטערבורג	-1
פרייסין	-1
פעטרסבורג	-1
פעטערפא	-1
ואלסקי	-1
ווילדבאד	-1
באדען	-1
מאין	-1
סאליניכי	734077
מיפעת	-1
האללאנד	-1
ינטערפאממערן	-1
גאללענבערג	-1
ריגענוואלדע	-1
וויפפער	-1
שטראלזונד	-1
גרייפסוואלדע	-1
ריגען	-1
בערגען	-1
זילבערבערג	-1
גלאץ	-1
שוויידניץ	-1
וויוסטריץ	-1
רייכענבאך	-1
וואלדענבורג	-1
אפפעלן	-1
ראטיבאר	-1
נייססע	-1
גליוויטץ	-1
הירשבערג	-1
באבער	-1
גערליטץ	-1
בונצלויא	-1
גרינבערג	-1
גאלדבערג	-1
לאנדסהוט	-1
גיבראלטער	-1
עלק	-1
שאוועל	-1
שאראלאטטענבורג	-1
וועסטפהאלען	-1
ליטהויען	-1
ליסא	3093524
סלאנט	-1
ראסינן	-1
פלונגיאן	-1
בעלגיען	-1
סקאלי	-1
סקאליט	-1
האנאפער	2910831
ניצצא	-1
וואלעס	-1
אונגארען	-1
ברינן	-1
ביליטץ	-1
איטאליע	-1
פלארענץ	3176959
זאלקאווא	-1
זאלטשוב	-1
פודהאייץ	-1
טויראגגען	-1
טאווריג	-1
קאנשטאנינאגראד	-1
פלאטאווא	696643
פעדאזיא	-1
אאכען	-1
אירטיש	-1
זעמיפאלאטונסק	-1
טאמסק	-1
יענוזייא	-1
מאנגאלייא	-1
באיקאל	-1
פענעדיג	3164603
מאילאנד	-1
וואספונגטאן	-1
קאנטאן	-1
חינעזיא	-1
פיננלאנד	-1
אמעריקע	-1
פערזיען	-1
ארמאניה	-1
אפגאהניסטאן	-1
אפגאהאניסטאן	-1
העראט	-1
קאבול	-1
טורקייא	-1
קרימם	-1
דייטשאלנד	-1
כינא	-1
אינדיען	-1
אסעם	-1
אסטאונדיען	-1
דניפער	-1
פעאדאזיא	-1
ליבויא	-1
קורלאנד	-1
אולעאבארג	-1
פיננלאד	-1
העלזינגפארס	-1
יאפפא	-1
מאססול	-1
נינוה	-1
אלמה	-1
סעבאסטאפול	-1
קאנדאהאר	-1
בושיהר	-1
בירמינגהם	-1
פארטיגאל	-1
קובא	-1
קורומאן	-1
נגאמי	-1
אנדא	-1
קווילימאנע	-1
קווילימאנא	-1
זאמבעס	-1
קאיפא	294801
תירוס	-1
זידאן	-1
נאבלוס	-1
גאלילעא	-1
קארלס	-1
רוהע	-1
סימפעראפעל	693805
וואסהינגטאן	-1
ראם	3169070
ווארטא	-1
בושיר	-1
זאגער	-1
קאטטאוויטץ	3096472
אבערשלעזען	-1
מיין	-1
פינען	-1
אוסטראליען	-1
ליבעק	-1
שווערין	-1
נידערלאנדע	-1
אלדענבורג	-1
נימאן	-1
פעקין	-1
שאנגהאע	-1
נאוואאלעקסאנדראווסקי	-1
פאדליען	-1
פאדווא	-1
פאדוא	-1
לאדאגא	-1
אבעראיטאליען	-1
איטאליאן	-1
טעפליץ	-1
קארלין	-1
פינה	-1
דינעפער	-1
טילזוט	-1
טוללעריען	-1
פאנטאינעבלעאוי	-1
אייראפה	-1
אמעריקה	-1
ווילקאמיר	-1
אראד	-1
רעגגיא	-1
פהילאדעלפהיא	4560349
קאליפארניען	-1
טורקיאה	-1
סימפאראפעל	693805
אחטיאר	-1
אקציסערייא	-1
יאלטע	-1
פעאדאסיע	-1
קאפע	-1
פערעקאף	-1
מעליטאפיל	-1
יעפאטאריע	-1
גוזלו	-1
סימפאראפאל	693805
קארמאנא	-1
רעדאקליפפע	-1
יאווא	-1
זאמטרא	-1
באטאפיא	-1
ווארטע	-1
וויססאגראד	-1
זיינע	-1
ציטי	-1
אמזא	-1
ארעלשטאן	-1
קיעל	-1
הארבורג	-1
קיססינגען	-1
קיל	-1
טאריספאלע	-1
ראכעפארט	-1
פענאצועלא	-1
מאריענבאד	-1
אסבארנע	-1
פאטסדעם	-1
ריינפראפינץ	-1
יאסבערניא	-1
נאגיא	-1
קערעס	-1
קעססקעמעט	-1
סצעגעדין	-1
דעברעצין	721472
טריער	-1
קאבלענץ	-1
קרעפעלד	-1
זיינעשפרענגעל	-1
נאנסי	-1
נאוואגאראד	-1
נאוואראסייסג	-1
בעסעאראביען	-1
באראוושק	-1
פרייסן	-1
פרייססען	-1
פיללניטץ	-1
סאנסוסי	-1
פאטס	-1
פונפקירכען	-1
טוניס	-1
הינדויא	-1
איירופי	-1
בריטניי	-1
קופינהגין	2618425
אודעסא	698740
בערדיאנסק	-1
קאמפיען	-1
פילידעלפיא	4560349
אזיען	-1
מוקקאטעב	-1
דעלה	-1
אגרא	-1
איירפא	-1
ראסיינה	-1
גראודענץ	-1
וויסלא	-1
וויייכסעל	-1
קראנשטאדטה	-1
פעטערפאף	-1
מאדריט	-1
אנדאלוזיע	-1
קסערעץ	-1
אראמעדא	-1
ארכאנגעל	-1
דווינא	-1
בעססעראביען	-1
וועזוב	-1
פארטיצי	-1
ראזיני	-1
איררלאנד	-1
הינדוא	-1
פארטמוטה	-1
פעסהאוער	-1
דעלהי	-1
קונסטאנטינאפעל	-1
מארענגא	-1
קאלי	-1
פארנוען	-1
זיריען	-1
קאלקוטא	-1
קאופונרא	-1
פעניציען	-1
זימלא	-1
ההימעלאי	-1
ווייבורג	-1
נאססוי	-1
מארסעליע	-1
אייראפיע	-1
אודה	-1
בעססאראביען	-1
מאלדאוי	-1
ארחאנגעלסק	-1
באלגראד	-1
איזמאיל	-1
ארכנגול	-1
סעווערינקאווקע	-1
אקקערמאן	-1
טירעספוול	-1
זועצ	-1
קאלקוטה	-1
לאהורי	-1
לוקנא	-1
טהעעראן	112931
קאחינג	-1
מצריים	-1
ערסאן	-1
זאקשיין	-1
שקיערנעוויטש	-1
איוואנגראד	-1
מאלדוי	-1
ווואלאכאי	-1
אתון	264371
אטהין	264371
יוון	-1
אמיענס	-1
טהעראן	112931
בינגאל	-1
פויאב	-1
גליל	-1
ביירוט	-1
צידון	-1
שמריה	-1
ציטופוליס	-1
חשבייא	-1
דאמאסקוס	170654
וולאזין	-1
העססען	-1
שארלאטענבורגה	-1
שטוטטגארד	2825297
דארמשטאדט	-1
לודויגסבורג	-1
מארסיליע	-1
בורדא	-1
ליון	-1
קולמאר	-1
ערדיטשוב	-1
ערדיטשוו	-1
קונסטאנטינאפאל	-1
סאנטיאגא	-1
אנטיללען	-1
יעליסוועטגראד	-1
יעליסאייעטגראד	-1
אומאן	-1
עזעבוז	-1
פלניא	-1
יעליסאוועטגראד	-1
מילוואוקי	-1
ווענעצולא	-1
אליווער	-1
גראנאדה	-1
ושטאגאנעם	-1
אוראן	-1
דרעזעדן	-1
היידעלבערג	-1
גענף	-1
קרעמענצוג	-1
טויריען	293322
באסטון	4930956
אנטיוכיא	-1
איירופיא	-1
קלקוטא	-1
קאוונאפורי	-1
קאוונפורי	-1
דעליה	-1
קאונפורי	-1
קאוונפורה	-1
אלאהאבאד	-1
אלאהבארד	-1
קאוונפאריע	-1
אלאהבאר	-1
קוונאפורע	-1
דיססעלדארף	2934246
ערפורט	-1
פוזען	3088171
בארן	-1
בענגל	-1
בנגל	-1
ניסרבד	-1
באן	-1
באלקענהיין	-1
קורדיסטאן	-1
אפאטוי	-1
עלבערפעלד	-1
לוקנאוו	-1
אוהד	-1
אלבאניע	-1
קיסינגען	-1
טעלענעש	-1
בעלז	-1
קישינעווה	-1
פאדאלסק	-1
דנעסטיר	-1
טעלענעשט	-1
וויילבורג	-1
טעהעראן	112931
חמאדאן	-1
קערמאנדשאה	-1
מאדאן	-1
סיינע	-1
מרסיליע	-1
טוטילה	-1
קאנסטאנטינאפול	-1
יוליך	-1
פורבאך	-1
מונט	-1
פרנס	-1
קעשינאוו	-1
טיראספאליע	-1
שעברשין	-1
נאווא	-1
ראססיא	-1
קאלוועריע	-1
אוגוסטאווסקי	-1
קאלוואריע	-1
וועזוף	-1
קאירוואן	-1
פרמא	-1
בעסאראביען	-1
ביאלעסטאק	776069
ליכטענשטיין	-1
הנאווער	2910831
אסנאבריק	-1
סיענע	-1
צורך	2657896
עגער	-1
מאדיירא	-1
בריטניא	-1
אוסטריא	-1
באלקאן	-1
בולגאריען	-1
סערביען	-1
רומעליען	-1
אורליינש	-1
רהיימס	-1
קאהירא	-1
אנגליא	-1
סאלאנט	-1
ווינניצא	-1
סקווירא	-1
טשערנאבל	-1
קורוסטישוב	-1
מאקארוב	-1
טאלנא	-1
ראחמיסטריווקא	-1
וואלהין	-1
וויניצא	-1
טערעספאל	-1
שעדליץ	-1
מירגאראד	-1
קוטאיס	-1
פלעוונא	-1
פיליפופול	728193
פילופופול	728193
אדריאנופול	-1
קרעמענטשוג	-1
סאדוגורא	-1
ווירצבורג	-1
ומווירצבורג	-1
אידיססא	698740
מאסקוי	524901
עתיקה	-1
אמון	-1
לונדונה	-1
עתיקתה	-1
אוקראינא	-1
מגדול	-1
רומעניען	-1
וויליאמפאלע	-1
מרשלוב	-1
פרובינצה	-1
רוססיה	-1
יוקרת	-1
שפרה	-1
סיביריען	-1
צקלג	-1
מרשלובה	-1
קעלם	-1
בוקאווינא	-1
רוזין	-1
סטאלין	-1
פעטערס	-1
רייסיין	-1
רייסין	-1
ובווילנא	593116
ליבאוויטש	-1
ויטעפסק	620127
דינעסטר	-1
האראדק	-1
דניסטר	-1
ואלין	-1
טולטשון	-1
קראשנע	-1
ראסייע	-1
לאנסק	-1
שמלענסק	-1
חארקעוו	-1
שקלאה	-1
וואלקאווישק	620391
סאווראן	-1
פאלעצק	-1
חווסטוב	-1
חנואסטוב	-1
ספאלע	-1
זלאטפאלע	-1
ספאלא	-1
זלאטעפאלי	-1
קליפורניא	-1
קונסטנטינופול	-1
עקרון	-1
ארגנטינא	-1
וקפילד	-1
הולנד	-1
בזיליאה	2661604
באשכנז	-1
אסיא	-1
ברן	-1
בזיליא	2661604
מונטונגרו	-1
פלשתינא	-1
גדרה	-1
אוסטרליא	-1
קנוסא	-1
אולימפס	-1
ישראל	294640
אלזס	-1
פרובינצא	-1
מרשיליא	-1
פאלעסטינא'ס	-1
גליציא	-1
זמוט	-1
עפריים	-1
סלובודקא	-1
רומניא	-1
מטולא	-1
קסטינא	-1
מחנים	-1
ארטוף	-1
רמלה	293768
לוד	-1
שרונה	293548
בורדו	-1
מטולה	-1
בירוט	-1
אכסנדריא	-1
קסטיניא	-1
הונגריא	-1
חולי	-1
יריחו	-1
אלטניילאנד	-1
צפורי	-1
ניידארף	-1
יכין	-1
בועז	-1
תנאי	-1
חורבה	-1
רומיניא	-1
הגר	-1
היידלברג	-1
טויראגען	-1
היידלבערג	-1
מרינבד	-1
ברלינה	2950159
שבקנדה	-1
קנדה	-1
אישפניה	-1
טלנה	-1
אוקרינה	-1
וולין	-1
ברשד	-1
אטליה	-1
קרתגא	-1
ליובאוויטש	-1
קדרין	-1
טשרטקב	-1
קדרינה	-1
דניפר	-1
הומיל	-1
צ'מקנט	-1
חודז'נט	-1
פלסטינה	-1
שויצריה	-1
פויס	-1
ושבורשה	756135
שבסטרודוב	-1
ויטבסק	620127
ליובויטש	-1
פרוים	-1
סמצי	-1
נצרת	294098
בלטימורה	4347778
קרישצ'טיק	-1
צ'ירניגוב	-1
בוברווסק	630468
פוליסיה	-1
פסיול	-1
אפריקה	-1
צ'רניגוב	-1
לאנצ'יאנו	-1
אולימפוס	-1
קולוניה	-1
צ'יריקוב	-1
בזל	2661604
בזק	-1
סטרודוב	-1
ז'ידילובה	-1
זידילובה	-1
ניאפול	-1
מוהילוב	-1
מוצא	294148
פלישתינא	-1
גליציה	-1
משכנות	-1
גלילה	-1
חרמון	-1
מוהילב	-1
קורלנד	-1
איישישוק	-1
בריסלב	-1
קוצק	768861
ולוזין	-1
גזלינקה	-1
רומניה	-1
גרר	-1
שווייצריה	-1
שבשווייצריה	-1
הומליה	-1
טומסק	-1
תרסוס	-1
מדזשיבוז	-1
מינכן	2867714
פירשם	-1
שייטינג	-1
אודר	-1
שיקגה	4887398
פלישתינה	-1
אוקריינה	-1
סיון	281184
ששיקגה	4887398
טורקיה	-1
יפן	-1
יפוניה	-1
סנעא	-1
צנעא	-1
אחוה	-1
ארגנטינה	-1
מוריציה	-1
ביתר	-1
אלימפוס	-1
דרזדן	-1
נשסטר	2643123
אוגנדה	-1
יזרעאל	-1
קהירה	-1
פולניה	-1
בלגיה	-1
סעיד	-1
הומל	-1
טילז	593926
רומסישוק	-1
אוקראינה	-1
פודוליה	-1
ליטה	-1
בסראביה	-1
בוקובינה	-1
פיאטרה	-1
בוקארישט	-1
איינגלאנד	-1
אנשיסטר	2643123
יוהאניסבורג	993800
טראנסוואל	-1
מארסיל	-1
שטייבץ	-1
ככנרת	-1
סלט	-1
ארמניה	-1
תורכיה	-1
מיסופוטמיה	-1
תורקיה	-1
סלוניקי	734077
הלזינגפורס	-1
והוויסלא	-1
קטוביץ	3096472
ירקון	-1
ענתות	-1
ווינצי	-1
וטיקן	-1
מסינה	-1
עזובה	-1
מדמנה	-1
שכולה	-1
פלוגות	-1
סוכות	-1
דבשתא	-1
הונגריה	-1
דגניה	-1
דקוטה	-1
פוזן	3088171
כאוגנדה	-1
עפרינו	-1
מונטונגרה	-1
ציחוסלובקיה	-1
ורסיל	-1
פיומא	-1
מתולה	-1
וויטשפל	-1
וייטשפל	-1
פוצפ	-1
ווייטשפל	-1
טראני	-1
זאמוט	-1
בלקן	-1
קנוסה	-1
בלקנים	-1
כפולניה	-1
תרקיה	-1
צדון	-1
אקווינא	-1
אוטופיה	-1
רוטרדם	2747891
אקווינה	-1
אביניון	-1
מדרה	-1
היליאופוליס	-1
סאמארין	-1
בלפוריה	-1
הרמוניה	-1
אינדיאנא	-1
וושינגטון	-1
אהיי	-1
זקסן	-1
ההרמוניה	-1
שוטלנד	-1
אירלנד	-1
זהרה	-1
נורטהמפטון	-1
וויסקונסין	-1
איקאריה	-1
טקסס	-1
אייאווה	-1
קליפורניה	-1
אמאנה	-1
מהרן	-1
ולכיה	-1
ווישנקה	-1
טשרניגוב	-1
מליטופול	-1
דקוטו	-1
טירול	-1
אניידו	-1
קלרדה	-1
אסתרה	-1
קריניצה	-1
סמולנסק	-1
טוור	-1
וויאטקא	-1
אופימה	-1
קווקז	-1
פבלובקה	-1
רוז'ני	-1
הורודנה	-1
בסרביה	-1
דומברובנה	-1
נובו	-1
אלכסנדרובסק	-1
סטויצישקי	-1
גודוצישקי	-1
סמורגון	-1
סטרובין	-1
בלטה	-1
דונוי	-1
נבסקי	-1
סימבירסק	-1
סמולני	-1
מרוז	-1
שליסלבורג	-1
סביריה	-1
בוריה	-1
ענגללאנד	-1
יארק	-1
געטינגן	-1
פליסינגן	-1
הארלעם	-1
צירך	2657896
לינדא	-1
ימבאראסי	-1
בראקען	-1
בלאקס	-1
בערג	-1
זאכסן	-1
העקלא	-1
הארץ	-1
פינגאל	-1
סאפפא	-1
סעהני	-1
טעמזע	-1
בעהמן	-1
אינדי	-1
סינע	-1
שפאניען	-1
פארמאזא	-1
טראיא	-1
האללאנדי	-1
פולאניא	-1
סיבעריען	-1
שפיצבערגן	-1
אונגאריא	-1
טיראלען	-1
פולאני	-1
עטיאפיא	-1
טארטארי	-1
ניל	-1
בראזיליע	-1
אראביא	-1
באנדא	-1
מינגרעליען	-1
אללעפא	-1
גרמאני	-1
קאנארי	-1
גערמאני	-1
גרמאנו	-1
איידר	-1
האלאנדי	-1
סארדיניען	-1
עלסטער	-1
אמבאינא	-1
פורטיגאל	-1
פראוואנס	-1
סיריען	-1
פורטוגאל	-1
מאלוקי	-1
פארטוגאל	-1
טאסקאנא	-1
לעמנאס	-1
ווענעציע	3164603
קאכין	-1
קאליקוט	-1
קארזיקא	-1
טאבאגא	-1
סאנגא	-1
שוואבען	-1
פראנקען	-1
לאמבארדי	-1
קרעטא	-1
אזנאבריק	-1
וועסטפאלין	-1
פענעציע	-1
אלעקסנדריא	-1
גאליען	-1
קאנדיע	-1
פיראנעען	-1
שלעזין	-1
וועסטפאהלען	-1
הארטץ	-1
העסין	-1
ליטויא	-1
שאמפאניע	-1
סינעזי	-1
קאמטשאטקע	-1
קאלמוקי	-1
פארמאזאן	-1
זיאמעזע	-1
נייאגווינעא	-1
נעגער	-1
פיליפינא	-1
עטיאפיען	-1
מאלדיווי	-1
אוסטאראליען	-1
פאליניעזע	-1
העללעספאנט	-1
גאלליציא	-1
לאדאמיריא	-1
בראנדיבורג	-1
פפאלץ	-1
קעללען	2886242
עסטער	-1
פאלאניא	-1
זיבענבירגען	-1
גענוא	-1
לוקקא	-1
ראגוזא	-1
קוהרלאנד	-1
ארכיפעלאגוס	-1
מארמארא	-1
טראציא	-1
דארדאנעללע	-1
פאלאניע	-1
טורקי	-1
דורא	-1
טאיא	-1
גוואדיאנא	-1
קאסטיליע	-1
אלגארביא	-1
פארטא	-1
פאלענצא	-1
בראגענצא	-1
מיראנדא	-1
ביירא	-1
קאימברא	-1
עקסטרא	-1
אדורא	-1
ליסאבאן	2267057
סעטופאל	-1
חינעזי	-1
מאקאא	-1
אצארי	-1
פלעמי	-1
גינעא	-1
ניגריצען	-1
גיאנא	-1
ביזקאיא	-1
גוואדאל	-1
קוויווער	-1
פיראנעעי	-1
קאסטיליא	-1
טאלעדא	-1
מאנצאנארעס	-1
עסקוריאל	-1
לעאן	-1
סאלאמאנקא	-1
באדאיאץ	-1
אנדאלוזיא	-1
סעווילא	-1
קאדיקס	-1
קארדאווא	-1
מורצא	-1
מורציא	-1
קארטאגענא	-1
פאלענציא	-1
אליקאנטא	-1
קארונא	-1
פיגאז	-1
אוסטוריא	-1
אווידא	-1
בילבאא	-1
נאווארא	-1
פאמפעלאנא	-1
ארגא	-1
ארראגאניא	-1
סאראגאסא	-1
קאטאלאניא	-1
בארצעלאנא	3128760
טארראגאנא	-1
מאיארקא	-1
מאלאראקא	-1
פאלמא	-1
איוויקא	-1
פארמענטעררא	-1
מאניללי	-1
מאריאני	-1
קאראליני	-1
לוויזאנא	-1
פלארידא	-1
מעקציקא	-1
קאליפארניא	-1
ילי	-1
פאראגואי	-1
מאגעללאן	-1
אנטיללי	-1
זעהנע	-1
בורגאניא	-1
לאאר	-1
לאנגעדאק	-1
גארראנא	-1
גאזקאניע	-1
עלדע	-1
ריינע	-1
זאאר	-1
מאאס	-1
ארלעאנס	-1
ברעטאניע	-1
נאנטעס	-1
ברעסט	-1
נארמאנדי	-1
רוען	-1
פיקארדיא	-1
זאממע	-1
קאלעס	-1
ווערסאללי	-1
לאיר	-1
שארטערס	-1
ליאני	-1
זאאן	-1
גיענע	-1
בורדאה	-1
גארראהנע	-1
באיאנע	-1
טולוהזע	2972315
גארראננע	-1
נארבונה	-1
מאנטפעליע	-1
אייקס	-1
מארסעליא	-1
אוויניאן	-1
דאפינע	-1
גרענאבעל	-1
איזער	-1
בורגאניע	-1
יאן	-1
רעהמס	-1
לילע	-1
דונקערקען	-1
העננעגויא	-1
קאמבריא	-1
נאמור	-1
לאטרינגען	-1
לינוויל	-1
לאנדויא	-1
בעזאנסאן	-1
פראווינס	-1
פאנדיכערי	-1
קאראמאנדעל	-1
מאריציע	-1
ניגריציען	-1
זארא	-1
היספאניאלא	-1
מארטעניקי	-1
גינא	-1
טייטשלאנד	-1
סלאוואני	-1
שוואבן	-1
וועזער	-1
ברונשווייג	-1
מעהררין	-1
לויזיץ	-1
פאמרען	-1
לינץ	-1
שטייערמארק	-1
גרעץ	-1
מוער	-1
קערנטן	-1
קלאגענפורט	-1
אידריא	-1
טריאלין	-1
אינסברוג	-1
אין	-1
טרידענט	-1
טריאלי	-1
זאלצע	-1
פאסויא	-1
רעגנסבורג	-1
בערגטסגאדען	-1
בייארען	-1
אינגאלשטאד	-1
נייבורג	-1
ווירטעמבורג	-1
טיבינגען	-1
האהענצאלל	-1
קאסטניץ	-1
מערזעבורג	-1
אויגסבורג	-1
דיללינגען	-1
עטינגען	-1
לעך	-1
אולמע	-1
פרענקין	-1
אייכשטעט	-1
אייכשטעד	-1
אלטמיהל	-1
אנשפאך	-1
לימבורג	-1
ווירטהיים	-1
קיצינגען	-1
רעדניץ	-1
ביירייט	-1
קולמבאך	-1
ערלאנגען	-1
קאסל	-1
טירינגען	-1
נירענבורג	2861650
ראטענבורג	-1
טויבע	-1
ווינדסהיים	-1
שוויינפורט	-1
נאבא	-1
זאאלע	-1
וויטטענבערג	-1
מייסען	-1
פרייאבערג	-1
קעמניץ	-1
צוויקויא	-1
פלויען	-1
אילם	-1
ליינע	-1
ווערנינגראדע	-1
הלברשטאד	-1
מארק	-1
אלטע	-1
שטענדל	-1
מיטטעל	-1
בראנדעבורג	-1
האוועל	-1
פאטזדאם	-1
אוקר	-1
פרענצלויא	-1
נייא	-1
בערנבורג	-1
קעטען	-1
צערבסט	-1
פאממרען	-1
האארטץ	-1
האלבערשטאד	-1
אקער	-1
בלאנקענבורג	-1
האארץ	-1
געטטינגן	-1
ברעמן	2944388
האללשטיין	-1
קיהל	-1
ווארנויא	-1
שטרעליץ	-1
וויסמאר	-1
טראווע	-1
מארבורג	-1
העסן	-1
דארמשטאד	-1
גיסען	-1
לאהן	-1
וועצלאר	-1
ווארמס	-1
שפייער	-1
פולדע	2923822
העסען	-1
מאנהיים	-1
נעקאר	-1
אפפענהיים	-1
ליטטיך	-1
מינסטער	-1
קלעווע	-1
ליפפע	-1
וועזל	-1
דיסבורג	-1
אסטפרישלאנד	-1
עמדען	-1
עמז	-1
מינדין	-1
בילפעלד	-1
מינדן	-1
בורגונדי	-1
בראבאנד	-1
לעווען	3093040
מעכלען	-1
געלדרן	-1
גענט	-1
פלאנדערן	-1
אסטענדע	-1
העגעגויא	-1
מאנז	-1
פלאנדרן	-1
מעהררן	-1
לייטמעריץ	-1
זאאץ	-1
פילזען	-1
בודווייז	-1
אלמיץ	-1
איגלויא	-1
בריהג	-1
שווייניץ	-1
ווייסטריץ	-1
ליגניץ	-1
גלוגא	-1
טעשען	-1
טראפויא	-1
נייס	-1
זודעטי	-1
קארפאטי	-1
בויצען	2951881
גערליץ	-1
ציטויא	-1
נידער	-1
אנדע	-1
לעק	-1
שעלדי	-1
זעע	-1
אנד	-1
איסעל	-1
גרעניגען	-1
פריסלאנד	-1
ארטאאז	-1
לוקצעמבורג	-1
אמסטעל	-1
ראטטערדאם	2747891
דארטרעכט	-1
אלקמאאר	-1
טעקסל	-1
מידדעלבורג	-1
אמערספארט	-1
נימוועגן	-1
עגן	-1
גרענינגען	-1
הארלינגען	-1
מאסטריך	-1
מאמעלוקי	-1
בערביצעס	-1
דעמארארי	-1
קוראזאא	-1
ענגלאנדי	-1
העלפעציען	-1
מיילאנד	-1
וונעציע	3164603
בערנהארד	-1
וועסטפאהלין	-1
פורקא	-1
אאר	-1
גרימזעל	-1
לוצערנע	-1
בריענצר	-1
לויזאנע	2659994
פרייאבורג	-1
זאלאטוהרן	-1
שאפהויזען	-1
לוצערן	-1
אונטער	-1
ואלד	-1
שטאנץ	-1
אורי	-1
אלטארף	-1
גלאריז	-1
אפפענצעל	-1
סאלאטוהרן	-1
אדיגא	-1
אפענינע	-1
טאסקאני	-1
טוסקאני	-1
סיציליא	-1
גאעטא	-1
סאלערנא	-1
קאמברי	-1
פיעמאנט	-1
סארדיניא	-1
ווינעציע	3164603
מאנטפערראט	-1
קאזאלא	-1
מילאנא	-1
פאוויא	-1
טיצינא	-1
אדדא	-1
מאנטוא	-1
פארמא	-1
מאדענא	6541461
פנעדיג	3164603
וועראנא	3164527
טרעוויזא	-1
איסטריא	-1
דאלמאציא	-1
אלבאניא	-1
קארפו	-1
צעפאלאניא	-1
צאנטא	-1
סעריגא	-1
פאטיקאר	-1
פלארענציא	3176959
פלארענצי	3176959
ארנא	-1
ליווארנא	-1
פעזופי	-1
הערקולאנעם	-1
אבבריצא	-1
קיעטי	-1
אפוגליא	-1
לעקסע	-1
קאלאבריא	-1
מעסינא	-1
קאגליארי	-1
באסטיא	-1
ליפארי	-1
עאלי	-1
וואולקאני	-1
טראמבאלי	-1
ווינעציא	3164603
גארגאנע	-1
סאוויאן	-1
פיעמאנד	-1
פיעאמאנד	-1
קאמאר	-1
אפעניני	-1
מערציא	-1
סאווערנע	-1
הומבער	-1
טרענט	-1
קענט	-1
קאנטערבורי	-1
עסעקס	-1
סוסעקס	-1
טשישעסטער	-1
וועסטסעקס	-1
בריסטאל	-1
אקספארט	-1
נארד	-1
ומבערלאנד	-1
אנשעסטער	2643123
פעמבראק	-1
ווייט	-1
יערזייא	-1
גווערנזייא	-1
מאן	-1
סיללי	-1
קארנוואלל	-1
טייא	-1
ארקאדי	-1
שעטטלאנד	-1
שאנאן	-1
אולסטער	-1
ליינסטער	-1
דובלין	2964574
קאנויט	-1
מוינסטער	-1
קארמאנדעל	-1
בענגאלא	-1
ניגריציא	-1
בערמודי	-1
ווענער	-1
גאטענבורג	-1
וועטטער	-1
מעלער	-1
אופלאנד	-1
אופזאל	-1
גאהט	-1
קאטטעגאט	-1
עלזינגעהר	-1
פרידריציע	-1
וויבורג	-1
קריסטיאני	-1
קריסטיאנא	-1
אפסלא	-1
אגערהוז	-1
קריסטיאנזאנד	-1
פינמארק	-1
פעררא	-1
טראמאע	-1
ליפלאנד	-1
זיבענבערגן	-1
ווייכסל	-1
ליטטויא	-1
ווארטי	-1
באג	-1
פאדאליא	-1
פויזנא	3088171
וולאדיסלויא	-1
מאסאפיא	-1
טאהרען	-1
טשענשטעהאו	-1
ביאלליסטעק	776069
חעלם	-1
קאמיניעק	-1
קיאוו	703448
סאמאגידיע	-1
פרעגל	-1
זאמלאנד	-1
בראמבורג	-1
קאטפאטי	-1
שטייער	-1
סערפיען	-1
סקלאוואניא	-1
דרויא	-1
טהייס	-1
פאלאטאן	-1
פלאטען	-1
לאדאמערי	-1
זאן	-1
פרוהט	-1
ווילליציא	-1
רייסן	-1
עלטעוו	-1
סקלאוואני	-1
קראאטיא	-1
אלליריא	-1
קראאטציא	-1
זויא	-1
הונגאריא	-1
קלויזעבורג	-1
בוקעווינא	-1
טצערנאוויץ	-1
דינא	-1
נעווא	-1
וואלכאוו	-1
פייפוס	-1
אנעגא	-1
רעוואל	-1
אינגערמאנלאנד	-1
קראנשטאד	-1
יאראסלאוו	-1
טולא	-1
אופא	-1
ערזאן	-1
סאמאלענסקי	-1
פאלאטצק	-1
מאילאוו	-1
קובאני	-1
קראאטציאן	-1
מאריטץ	-1
ראמאניא	-1
פארדער	-1
מוקדוני	-1
מאצעדאניע	-1
דרינא	-1
פעניים	-1
זעלאמפרי	-1
טעסאליא	-1
צעפיסוס	-1
מארמארי	-1
באספארוס	-1
אדריאנאפעל	-1
גאליפאלי	-1
סאלאניקי	734077
טעסאלאניך	734077
סקוטארי	-1
מאנטענעגרא	-1
לאריסטא	-1
פענייס	-1
פינדוס	-1
לעפאנטי	-1
אטונא	264371
אטהען	264371
אטטיקא	-1
טעהבען	-1
קאסטרי	-1
דעלפאס	-1
פארנאסוס	-1
העליקאן	-1
פעלעפאנעזוס	-1
קארינטע	-1
אלימפיא	-1
אוננא	-1
באזניא	-1
סערוויען	-1
בולגארי	-1
סאפיא	-1
טעמיסוואר	-1
יאסייא	-1
בעס	-1
ארביא	-1
קאפא	-1
קנדיאה	-1
קוויטא	-1
פיחינקא	-1
אנגלעטירא	-1
באלוניא	3181928
זאמשט	-1
אטיפיען	-1
אילת	295277
פניא	-1
תובל	-1
ריפת	-1
ליסבאן	2267057
ווענעציא	3164603
אילותו	295240
נוא	-1
מדיירא	-1
גענויא	-1
ליסאבן	2267057
מדריטא	-1
פאלוס	-1
אנדלוזיען	-1
קנארי	-1
גונהני	-1
באהאמא	-1
גונאמי	-1
קנסעפטן	-1
גונהמי	-1
הייטי	-1
הייטא	-1
נאפידאד	-1
ברצעלאנא	3128760
קטלאניען	-1
קאדיס	-1
קארייבען	-1
דאמיניקא	-1
גאדלופא	-1
אנטיגוא	-1
קרייבען	-1
איזבל	-1
יאמיקא	-1
טרינד	-1
אראנקא	-1
קוממא	-1
מאגריטא	-1
צנגובר	-1
מלינדא	-1
קליקוט	-1
מליבאר	-1
גנגוס	-1
סעוויליען	-1
פאריא	-1
ברזיליען	-1
דאריען	-1
גוניא	-1
הונדורוס	-1
רגוע	-1
ערגוע	-1
ימיקא	-1
אנדלוזיא	-1
דענימרקא	-1
מרגריטא	-1
קומנא	-1
קובאגא	-1
פערא	-1
גרוזינען	-1
געארגיען	-1
דארדאנעללען	-1
אירפא	-1
אסטראחאן	-1
זיבערין	-1
קאלמיקייא	-1
טארטארייא	-1
פיליפינען	-1
אנאדיר	-1
קארייא	-1
בייקאל	-1
טאנגטינג	-1
באלחאיש	-1
וואן	-1
גינוסר	-1
גענעזארעט	-1
טיבעריאס	293322
אויב	-1
אומאר	-1
יענזייא	-1
טשוקטשען	-1
גאנגאס	-1
טיגער	-1
אייפראט	-1
קאהקאזין	-1
גוריעוו	-1
טאווראפאל	-1
מאסדאק	-1
קיסליאר	-1
געארגיווסק	-1
טיפליס	-1
קור	-1
גארי	-1
זאראטאוו	-1
קאמישין	-1
צאריצאן	-1
זאקמארא	-1
טאשקענט	1512569
טראיצק	-1
קירגיזען	-1
ארסק	-1
זורגוט	-1
בעלייא	-1
בוגולמא	-1
קירגיזין	-1
פערמיען	-1
פערם	-1
אירען	-1
זילווא	-1
קאטהארינענבורג	1486209
עקאטהרינבורג	1486209
אוזעט	-1
אירביט	-1
טורא	-1
טאבאל	-1
טומן	-1
טארא	-1
זעמיפאלאטאני	-1
טאמזק	-1
טאם	-1
נאריס	-1
קעט	-1
יעניזייסק	-1
יעניזייא	-1
אירקוטזק	-1
אירקוט	-1
בוכרייא	-1
נערטשינסק	-1
נערטשא	-1
יאקוטסק	-1
אחאטזק	-1
אחאטסק	-1
אחאטסקי	-1
צוקצי	-1
מאנגאליא	-1
נישני	-1
אלייטי	-1
אלאשקא	-1
אלייטען	-1
קורילי	-1
געארגיאן	-1
ראמאניען	-1
האליס	-1
אראנד	-1
אזי	-1
אראנטעס	-1
קעזאריא	-1
בענישער	-1
ביישער	-1
העללספאנט	-1
אנטוכיא	-1
ארם	-1
שעזירא	-1
טורקאמאניען	-1
קיאורדיסטאן	-1
קוטאהיא	-1
בורזא	750269
פורזא	750269
אנגורא	-1
זינאפ	-1
איסמיד	-1
ניקאמעדיא	-1
עסקיאודאר	-1
איסניק	-1
ניציא	-1
מאניסא	-1
פערגאמא	-1
פערגאמום	-1
מאגנעזיא	-1
זיפילום	-1
פרינקיפא	-1
קאראמאניען	-1
קאניא	-1
אדאנא	-1
איקאניום	-1
אנאטאליא	-1
זאטאליא	-1
טוירוס	-1
טארזוס	-1
קעזאריע	-1
קפודקיא	-1
ניקאזיא	-1
פאמאגוסטא	-1
לארניקא	-1
מאראש	-1
מאלאטיא	-1
אמנה	-1
אמאנוס	-1
זיוואס	-1
אמאזיא	-1
טאראבאזאן	-1
ריזע	-1
צעראזאנטע	-1
קירזאנטע	-1
אמישקאנא	-1
אלעב	-1
אלעפא	-1
אחלב	-1
באסרא	-1
אנטאקי	-1
חמת	-1
זקאנדעראנא	-1
אלעקסאנדרעטע	-1
טאראבליס	-1
טאראבאלאס	-1
ארפד	-1
אדיקיא	-1
אנזאריע	-1
כלב	-1
קעלב	-1
טאראבלאס	-1
אקרע	295721
זייד	-1
פטאלמייאס	-1
בארות	-1
ברות	-1
זאפהאט	293100
טירוס	-1
נאצארא	294098
נאצארעט	294098
דאמאזק	170654
מעקא	-1
דאמיעטע	-1
מאדא	-1
מאלולא	-1
העליאפאלוס	-1
פאלעסטהין	-1
בכא	-1
קוואראנטאניא	-1
גרזים	-1
קדרון	-1
משחית	-1
עזה	-1
גאצא	-1
רמה	-1
נאפאלוזא	-1
ניפולין	-1
קוואראנטיאנא	-1
זעבאסטא	-1
קיסרי	-1
קאזאריע	-1
אשקלון	-1
רקת	-1
אמאה	-1
מעסאפאטאמיען	-1
מארדין	-1
דיארבעקיר	-1
שעזירע	-1
אוראפא	-1
עדעסא	-1
חרן	-1
מאזול	-1
אלקוש	-1
אקאלזיקע	-1
אגעלציגהע	-1
באטומי	-1
פוטי	-1
קארס	-1
ארזערום	-1
ערצערום	-1
געארגין	-1
קערקוק	-1
ארבעל	-1
קיאורדיסטען	-1
געצירע	-1
יללא	-1
עללא	-1
כשדים	-1
קופא	-1
נציבין	-1
בצרה	-1
קאהקאזוס	-1
טשערקעסי	-1
קאבארדי	-1
אבחאזיען	-1
באלקאר	-1
אהמעד	-1
טשעטשען	-1
דאגעסטאן	-1
לעזגיסטאן	-1
לעזגהיסטאן	-1
אקושא	-1
אוואר	-1
טורקמענען	-1
גיאורדיסטאן	-1
מוסטאג	-1
מאניגישלאק	-1
זיאוין	-1
טורקעסטאן	-1
חויראזם	-1
חאויווארעסם	-1
מאנגושלאק	-1
אורגענס	-1
זאמארקאנד	-1
אראביסטאן	-1
מאסקאט	-1
יאמאן	-1
נבט	-1
תדמור	-1
אנא	-1
הנע	-1
איראק	-1
אחזא	-1
באהריין	-1
נעדשעד	-1
נאדשעד	-1
ימא	-1
אבלאק	-1
יעמאמא	-1
סבא	-1
חורב	-1
טהויר	-1
טור	-1
אילים	-1
אלוש	-1
אקאבא	-1
קאבא	-1
צעמצעם	-1
זמום	-1
שידא	-1
טאיעב	-1
יעמן	-1
זאנע	-1
זאנא	-1
טעהאמא	-1
ספר	-1
מאקהא	-1
צעביד	-1
לאהייא	-1
שעבאל	-1
דאמאר	-1
אדרמאט	-1
חצר	-1
זאקאטארא	-1
מוסקאטי	-1
צאנגיבאר	-1
טאמארידא	-1
מאהרא	-1
מעסקיעט	-1
זויהאר	-1
חייבאר	-1
ציציליאה	-1
קורדבה	-1
איראן	112931
פארס	-1
אראס	-1
הימאלעה	-1
חימבאראסא	-1
הירקאניען	-1
באקטירען	-1
מאצענדעראן	-1
קירמאן	-1
יעצד	-1
קארמאניען	-1
באריין	-1
צירקאסיען	-1
קאשימער	-1
טעהרין	112931
מעקראן	-1
קאנדאהר	-1
חאראזאן	-1
טארטאריי	-1
מעשעהעד	-1
באלח	-1
באלק	-1
קאבוליסטאן	-1
פישאוויר	-1
זערינגאר	-1
זירינאגיר	-1
זינדי	-1
הידראבאד	-1
מאזאנדעראן	-1
אסטאראבאד	-1
באלפרוש	-1
גהילאן	-1
רעשט	-1
אבשערוין	-1
דערבענט	-1
עריוואן	-1
ערווין	-1
מאראנט	-1
ידשאן	-1
ארדעביל	-1
ארמוס	-1
זולטאניא	-1
איספאהאין	-1
עבהער	-1
קאסבין	-1
קוים	-1
טהעהראן	112931
יעסד	-1
חוזיסטאן	-1
שוסטער	-1
טאסטער	-1
קארום	-1
זוזא	-1
פערזעפאליס	-1
שיראס	-1
אבושאר	-1
לאריסטאן	-1
מרשילייא	-1
קערבעלייא	-1
אבל	-1
הינד	-1
הענד	-1
הינדוסטאן	-1
הונדוסטאן	-1
זונד	-1
פיהליפינען	-1
גאנגוס	-1
באהאר	-1
בענגאלען	-1
מאדרוס	-1
קאראמאנדיל	-1
דעקאן	-1
בענארעס	-1
זינד	-1
קאשמער	-1
קאשגאר	-1
פישון	-1
בענגאלין	-1
בוראמפוטער	-1
אשעם	-1
זינדו	-1
קאמבאע	-1
קוטאק	-1
טאפטער	-1
גאטע	-1
גאדאווער	-1
קריסטנא	-1
קאווערי	-1
גאטס	-1
ציילען	-1
גיזוראטע	-1
זירינגאם	-1
מאלווא	-1
אריזא	-1
דעהלי	-1
עלאהבאד	-1
אודזיין	-1
זעפרא	-1
אקבאר	-1
אבאד	-1
יאומאן	-1
בעראר	-1
נאגפור	-1
באלאזארא	-1
אודיפור	-1
יודפור	-1
לאהאר	-1
מילטאן	-1
שונאב	-1
אמארזור	-1
ראווי	-1
מאדראס	-1
הוגליי	-1
וויליאמס	-1
חאנדערנאגאר	-1
טשאנדערנאגויר	-1
הוגלי	-1
חינזורא	-1
גוסטאף	-1
בערנאגויר	-1
מורשעדאבאד	-1
דאקא	-1
ביראמפוטער	-1
גאלקאנדא	-1
מידנאפאר	-1
גאגרא	-1
גומאטי	-1
אלאבאד	-1
פיצאבאד	-1
אויד	-1
פורוקאבאד	-1
באלראמפור	-1
גאדאווערי	-1
גאלקאנד	-1
הידעראבאד	-1
מוזייא	-1
קארנאטיק	-1
געארג	-1
ארקאט	-1
גינגי	-1
פאנדיחעריא	-1
גונטור	-1
עללארע	-1
ראיאמונדריא	-1
קריסטאנא	-1
מאזאליפאטאם	-1
טאניארע	-1
נעגאפאטנאם	-1
טאליארע	-1
קאוועריא	-1
קאריקאל	-1
טראנקועבאר	-1
קאלארען	-1
מייסורע	-1
דינדיגול	-1
קאאימבעטארע	-1
באנגלארא	-1
מאדורא	-1
טריטשינאפאלי	-1
זערינגאם	-1
קאלעראן	-1
טוטאקארין	-1
טראפאנקאר	-1
ראמאנאד	-1
קילקארע	-1
קאמארין	-1
טאפטע	-1
קאמבייא	-1
קאמארן	-1
קושין	-1
קאחין	-1
טריפאנדעראן	-1
טרידשור	-1
מאקא	-1
טעלוחערי	-1
קאנאנאר	-1
מייסארא	-1
זערינגאפאטנאם	-1
מאנגאלאר	-1
גאא	-1
דאמאן	-1
זוראטע	-1
פגעו	-1
טונקין	-1
איראוואדי	-1
מענאס	-1
מענאמקאם	-1
קאמבאדיא	-1
אראקאן	-1
אירוואדי	-1
טענאסערים	-1
ראנגוהן	-1
אמאראפיראם	-1
מארטאבאן	-1
זאלאנגאן	-1
מענאם	-1
באנקאק	1609350
יאוטהיא	-1
מאנאם	-1
אנאם	-1
לאאס	-1
מענאמקום	-1
קאנדי	-1
נעגאמבא	-1
טרינקאנאמאלע	-1
אנדאמאן	-1
קארנוואליס	-1
דענענמארק	-1
ניקאבאר	-1
זונדי	-1
פאדאנג	-1
בענקולען	-1
פאלעמבאנג	-1
באנקא	-1
שאקאטרא	-1
זאמאראנג	-1
יאפארא	-1
רעמבאנג	-1
זוראבאיא	-1
מאטאראן	-1
בערנא	-1
זאמבאס	-1
באניערמאסינג	-1
זולוה	-1
מאקאסאר	-1
צעלעבעם	-1
באני	-1
בוטאן	-1
ראטראדאם	2747891
זאלייער	-1
באלי	-1
לאמבאק	-1
פלארעס	-1
קאפאנג	-1
ראטיי	-1
אמבאאינא	-1
אמבאן	-1
וויקטאריא	-1
ויליפפינען	-1
טאפול	-1
מאגינדאנא	-1
זאמבואמגאן	-1
פיליפיני	-1
מאנילי	-1
מאנילא	-1
אנדרעאס	-1
פעלעוו	-1
מאריען	-1
מאנאלי	-1
גואם	-1
זייפאן	-1
אגאנא	-1
קעארא	-1
מונגאלען	-1
שענברון	-1
זמרקאנד	-1
ניאן	-1
שאנטאנג	-1
שאנזי	-1
נאנקיאן	-1
זעטשוען	-1
קיאנגזי	-1
פאקיען	-1
קוואנטאנג	-1
קוואנזי	-1
האינאן	-1
אינאן	-1
מאקאוי	-1
היינאן	-1
פערמאזא	-1
טונגוזיען	-1
קארעא	-1
זאקום	-1
זייזאן	-1
זאנגארייא	-1
יימאטשין	-1
קירין	-1
לעאטאנג	-1
מוקדען	-1
יאואלן	-1
טומען	-1
קוועלפערט	-1
בורעמפוטער	-1
לאסא	-1
פוטאלא	-1
נעקפאל	-1
קאטמאנדוא	-1
קאליפארנען	-1
מעקסקא	-1
נאנגאזאקי	-1
קאמבויא	-1
פורטאגאל	-1
יעדא	-1
דעזימא	-1
ציקאקא	-1
משחה	-1
אוזל	-1
מנח	-1
הינדקי	-1
אחעראן	-1
אטעהן	264371
מיטאוי	-1
ראען	-1
בעלפארד	-1
ליווארנע	-1
ירנאה	-1
שטיטינה	-1
דענימארק	-1
זמירנאה	-1
לוקאה	-1
מעמיל	598098
הורדנא	-1
טעלז	593926
פאניוועז	-1
ממעמעל	598098
קראטינגע	-1
פלאנגע	-1
פעסבג	-1
פאלאנגע	-1
רגאלע	-1
ראסיינע	-1
ווילקיא	-1
ראסיין	-1
ראגאלע	-1
יורבארג	-1
לוקניקה	-1
זאגערע	-1
מיטאוועה	-1
קרטהאגה	-1
שניר	-1
מוקדן	-1
קרטהגה	-1
אפריקח	-1
אידופא	-1
טעמזה	-1
לאירה	-1
בריטאניע	-1
בייערן	-1
נארוועגין	-1
עלבה	-1
אמעריקעה	-1
הורו	-1
קאנסטאנטינאפיל	-1
אלטאי	-1
טוירית	-1
סציטיאה	-1
זרמאטיה	-1
אלת	295277
הינדאסטן	-1
טיבוט	-1
בקטריה	-1
קנדאהר	-1
גאלין	-1
קאשמיר	-1
יפה	-1
מאנגוליה	-1
מאנגאליה	-1
מארקנדיה	-1
מרקאנדיה	-1
אחמתא	-1
זוגדיאנה	-1
מרקאנדה	-1
סמארקאנד	-1
טוראן	-1
יהודא	-1
כרכמיש	-1
ארמניון	-1
דארדאנעלען	-1
קרתאגה	-1
טריפוליס	-1
ביבליס	-1
קרתיה	-1
מאלטה	-1
זיציליה	-1
זארדיניה	-1
קרתהאגה	-1
עותיקה	-1
לעפטים	-1
אלות	295240
פיטרה	-1
טראיה	-1
פריגיון	-1
לידיון	294421
מוסיון	-1
קאריון	-1
קאפעדאציון	-1
קפוטקיא	-1
ביטיניון	-1
פפלאגיון	-1
פאנטוס	-1
ליציון	-1
ציליציון	-1
יאניון	-1
פאקעא	-1
שמירנה	-1
מילעט	-1
האליקארנאס	-1
זינאפה	-1
אמיזוס	-1
טראפזוס	-1
עקבאטאניה	-1
מארקאנדה	-1
וואלגע	-1
דינעפר	-1
ניסטער	-1
ניגרוס	-1
ברבריה	-1
בילמה	-1
ברקה	-1
נוב	-1
ניגריס	-1
לוב	294421
אקסום	-1
מרה	-1
תחפנחס	-1
עלפאנטינע	-1
פתרוס	-1
סונה	-1
חנס	-1
דלתא	-1
נוף	-1
עלפאנטינה	-1
היראקל	-1
פאליס	-1
זית	-1
צוען	-1
מענדית	-1
זעביניטוס	-1
סין	-1
מוף	-1
אשדוד	295629
צירענה	-1
ניקראטים	-1
פרסי	-1
ספרדה	-1
זירטים	-1
לפטים	-1
אדרומיט	-1
מאדערע	-1
זרדיניה	-1
קארזיקה	-1
זיראקוס	-1
אלישה	-1
פאליפאנעז	-1
עפירוס	-1
אטיקה	-1
מעגאריס	-1
בעאטיען	-1
פאצים	-1
לאקיס	-1
דאריס	-1
אטאליען	-1
אקארנוניה	-1
לאקאניקה	-1
מעסיניסה	-1
עליס	-1
ארגאליס	-1
אחיה	-1
זוקיאנה	-1
קארינת	-1
אייבעא	-1
איליריען	-1
ארגאז	-1
פאליפענעז	-1
ארגוז	-1
זיקיון	-1
קויקאזיען	-1
פריגיען	-1
פעלאפס	-1
שפארטה	-1
מיסינה	-1
אתונה	264371
שפרטה	-1
טהיבון	-1
צירינה	-1
זאגוט	-1
גאליאציסאלפנה	-1
ליגוריע	-1
עטרוריה	-1
עטרוריען	-1
לאטיום	-1
קאמפאניען	-1
אימביריען	-1
זאמאניום	-1
טיבור	-1
צירצעאי	-1
לוקאניום	-1
ברוטום	-1
אפוליען	-1
קאלאבריען	-1
אסטיה	-1
באקטריה	-1
צירענע	-1
זארדיס	-1
מאראטהאן	-1
טהערמאפילה	-1
מיקאלע	-1
ערזאנעזוס	-1
פאליפינעזיען	-1
פארטה	-1
קונאקסה	-1
סיציליאה	-1
זאראדיס	-1
אייבאע	-1
אטהאס	-1
אטרוריה	-1
זאלאמיס	-1
מעסעניה	-1
זיציליאה	-1
טיבון	-1
טהעבאן	-1
מענטינה	-1
דעלפהי	-1
אראנעא	-1
פעהי	-1
גראניקוס	-1
יאניען	-1
איסוס	-1
ארבאל	-1
פפריגיען	-1
פאמפיליען	-1
מיזיען	-1
פפלאגאניען	-1
שושנה	-1
עפירוסה	-1
פידנאה	-1
פריגיענה	-1
איפסוס	-1
לאמיה	-1
טהראציענה	-1
טהעראציענה	-1
טהסאליען	-1
גאלאטיען	-1
קרינת	-1
זיצען	-1
פירגאמוס	-1
קינוסקיפאלה	-1
פידנה	-1
סילוקיה	-1
אנטוכיה	-1
קארפודיען	-1
פארגאמוס	-1
ביטיניען	-1
פרתיה	-1
פערגאמוס	-1
רפיא	-1
מאגנאזיה	-1
ארמיניען	-1
ארמניען	-1
קאפעדאציען	-1
פפלאגיען	-1
סיליציה	-1
קטעספאן	-1
כלנה	-1
ציליציה	-1
אבעסיניען	-1
זענאר	-1
פהארזאליס	-1
אקטיום	-1
טארענטה	-1
טארענט	-1
אשקלום	-1
עפוליען	-1
זיציליענה	-1
מאסענה	-1
עקנאמוס	-1
ראהנה	-1
פלאצענטיה	-1
קרעמאנה	-1
ליגוריה	-1
ציסאלפינה	-1
עברה	-1
זאגונט	-1
מארזייליה	-1
פלצענטיאה	-1
טיצינוס	-1
טרעביאה	-1
ארעטיום	-1
אפענין	-1
טראזימה	-1
קאמפאניה	-1
לוזיטאניה	-1
קאנא	-1
קאנוזיום	-1
קאפואה	-1
קאנע	-1
נאללאה	-1
זרדינה	-1
אפאלאניה	-1
בעקולאה	-1
מעטוירוס	-1
גענאה	-1
גאדעס	-1
צאמה	-1
האדרומענטה	-1
פערגמוס	-1
ערעטעריה	-1
קינאסקעפאלה	-1
מגנאזיה	-1
קאריען	-1
קרעטה	-1
איסטריה	-1
פרגאמוס	-1
מאגערה	-1
מעגאלאפאליסה	-1
העלעס	-1
פאליפאנעזיען	-1
נומאנץ	-1
פאנטס	-1
אכאיה	-1
אקווא	-1
פראווענצה	-1
נארבאנע	-1
בעלאריאה	-1
צירטאה	-1
פוט	-1
אקואה	-1
וואראנה	3164527
אלפין	-1
קארפיניוס	-1
חאראנעו	-1
ארחאמענוס	-1
ביצאנץ	-1
ברונדוזיום	-1
פראנעסטה	-1
פנטוס	-1
קאפוא	-1
טיגראנאצערטה	-1
פאספארוס	-1
פפלאגאניה	-1
ביטיניה	-1
פאמפיליה	-1
פאסטאיה	-1
כפתורה	-1
העלפעציה	-1
לאירע	-1
זאנה	-1
באזענסאן	-1
עלבאה	-1
מארזייליאה	-1
רוביקאן	-1
ארימינום	-1
פיראניען	-1
קרפיניוס	-1
טהעסאלאניך	734077
דיראכיוס	-1
פארזאליס	-1
טאפסוס	-1
מיטינה	-1
מאדענה	6541461
מוטינה	-1
אקווילעיאה	-1
באלאגנה	3181928
דימעטריאס	-1
אפאלניה	-1
זמירנה	-1
פהיליפיה	-1
טרזוס	-1
סקאדרה	-1
קרזיקה	-1
מיטילענה	-1
צירעניצה	-1
פאנאניה	-1
אקטיוס	-1
קארצירה	-1
צעפילאניה	-1
אקציום	-1
קעלען	2886242
פינדעליציה	-1
רהעטיא	-1
נאריקום	-1
אגוסטה	-1
באטאפיה	-1
ליפאה	-1
וועסטפאללען	-1
איסל	-1
מינדען	-1
נאלה	-1
פלאנאזיה	-1
קאפעדאציה	-1
קאפרעה	-1
פומפעהי	-1
דאציה	-1
הירקאניה	-1
עבאראקום	-1
מויריטאניה	-1
אקווילייאה	-1
וואראנע	3164527
גערמאניה	-1
נעקער	-1
רעגענסבורג	-1
ניקאמעדה	-1
טהארציה	-1
חידקל	-1
דאלמאציהן	-1
אדריאנאפל	-1
קרעטאה	-1
באלעארי	-1
קאסטנטינאפעל	-1
אקווילעיא	-1
מורזאה	-1
קטעסיפאן	-1
דינעסטער	-1
ארגאס	-1
ראווענאה	-1
פירענען	-1
זאוואיען	-1
ראווענה	-1
רימיני	6541863
ראנע	-1
פירענעען	-1
טוילאזה	2972315
בארצעלאנה	3128760
בעלגי	-1
מאס	-1
מעץ	-1
שאלאנס	-1
פענדיג	3164603
וויצענצה	-1
בערגאמה	-1
פאוויאה	-1
בעלעגארד	792680
גדית	-1
עפרה	-1
סדם	-1
פלאטעלה	-1
אלשאד	-1
סלאבאדע	-1
קורטעוויאן	-1
שאוועלה	-1
איראפה	-1
שמרנה	-1
עקרונה	-1
גזן	-1
כרמלה	281184
אשורה	-1
שלוח	-1
דומה	-1
ספרוים	-1
עלם	-1
תרשישה	-1
עזקה	-1
שלם	-1
עבל	-1
דאנוב	-1
סיטע	-1
מריה	-1
ריען	-1
טעגעל	-1
געטינגען	-1
פרייבורג	-1
באירייט	-1
זיציליען	-1
יענאה	2895044
ענעצואלא	-1
קומאנא	-1
לאנאס	-1
גואיאנא	-1
קאראקאס	-1
אמאצאנענשטראם	-1
ללאנאס	-1
אפורא	-1
קאסיקוויארא	-1
אנגאסטורא	-1
ענעצועלא	-1
הארן	-1
באטאבאנא	-1
מאגדאלענענשטראם	-1
באגאטא	-1
אנטיזאנא	-1
ימבאראסא	-1
האללאנדיא	-1
אקאפולקא	-1
בארדאוי	-1
מאלמאיזאן	-1
אכען	-1
יעקאטערינענבורג	1486209
בארבינסק	-1
עלטאן	-1
אסטראכאן	-1
אלוטי	-1
באגאסלאוו	-1
אצארען	-1
נארדפריעסלאנד	-1
באהמשטראסע	-1
אלכסאנדריא	-1
כשולה	-1
נזבל	-1
ככשולה	-1
לכיש	294434
צבועאל	-1
גמלה	-1
מאפליה	-1
מסקוא	524901
קטלניה	-1
אשדות	-1
צבואעל	-1
שבמה	-1
קולמר	-1
סיביריא	-1
קאנינסבערג	-1
הימאלייא	-1
קאניסבערג	-1
גריידאוו	-1
וראטא	-1
אלכסנדרונה	-1
תגרמה	-1
וארטא	-1
טורעצק	-1
לובלינה	765876
פילאווא	-1
לבובה	702550
קעלץ	-1
אמשינוב	-1
שימביראזו	-1
קלערמאנט	-1
פילא	-1
שלאק	-1
קאמיעניעץ	2940132
בעסאראביע	-1
קאווקאז	-1
טולידו	-1
ווארמייזא	-1
כיאס	-1
גאלליה	-1
מארסיליא	-1
גאלליא	-1
ביצצאנטיען	-1
ביצאנטיען	-1
בעזיער	-1
טולוזא	2972315
סטענדאלל	-1
קאלאניא	-1
פפעניציא	-1
ווארמש	-1
אולם	-1
רעגענשבורג	-1
קראנאגארע	-1
אמעריה	-1
גצה	-1
נרבונא	-1
קארתאגו	-1
אביססיניען	-1
טארסוס	-1
קארינטה	-1
אוסטראליא	-1
אזארען	-1
מאנטפעלליער	-1
טודעלא	-1
מיראנדולא	-1
טרעוויר	-1
באייערן	-1
קורדובה	-1
צפורין	-1
גלענבאנקא	-1
שווידניץ	-1
שלעזיא	-1
ווישליצא	-1
איישישקי	-1
זמודז	-1
מיעלניק	-1
גנעזנא	-1
קאזימיר	-1
יעכאוו	-1
דראהאצין	-1
ובווארשויא	756135
פיאטרקוב	-1
דראהישין	-1
ווילקאווישק	-1
שעראדז	-1
וואליניען	-1
קאניאווא	-1
לוקאווא	-1
שיערפץ	-1
מאזאוויען	-1
ציעכאנאוו	-1
הולאנדיא	-1
לוקאוו	-1
בראצלאוו	-1
אינפלאנט	-1
סענאטארסקא	-1
פאציעיאוו	-1
טלאמאצקא	-1
קלאפאצקא	-1
מאריוויל	-1
ולווילנא	593116
דניעפר	-1
סלאבאדקא	-1
קאמיעניץ	2940132
האזענפאט	-1
פילטען	-1
מיטויא	-1
יאקאבשטאדט	-1
ארקאוו	-1
עסטלאנד	-1
פאדאל	-1
קאוקאז	-1
בעסאראביא	-1
ואלדויא	-1
ואראנעזש	-1
אדריאנאפאל	-1
ובוויטעבסק	620127
נאדעזין	-1
פאוולאווסק	-1
פענזא	-1
קיאכטא	-1
אמסק	-1
פעטראפאוולאווסק	-1
סעמינאפאליטינסק	-1
ארשאן	-1
ביאלאסטאק	776069
ניקאלאיעוו	-1
שלאך	-1
אירביטסק	-1
קארעננאיא	-1
סומסק	-1
מארסעיל	-1
זעדאן	-1
קוקז	-1
מעראן	-1
אביססיניא	-1
ווישי	-1
ווייסבאדען	-1
טשענסטאחאווא	-1
אביסינא	-1
הוללאנד	-1
דניא	-1
בארדאי	-1
טשרנוביל	-1
קמיניץ	2940132
שפאלא	-1
אמשטרדמה	2759794
טלנא	-1
אפרים	-1
אפרתה	-1
חברונה	285066
אלט	-1
ניי	-1
טרקילא	-1
מירון	-1
פולוניא	-1
פורטגאל	-1
רמון	-1
פינטשוב	-1
שעירתה	-1
איטליע	-1
בריטניע	-1
פרנצא	-1
בריטאני	-1
סטנאב	-1
מולדה	-1
גוע	-1
אתרים	-1
חפר	-1
צוערה	-1
לישה	-1
שפמה	-1
ספרה	-1
דבירה	-1
מרתים	-1
לחי	-1
טראפלוויץ	-1
מיזופוטמיא	-1
כותא	-1
קעבה	-1
מיקה	-1
גלגל	-1
שילה	-1
שבשילה	-1
ניות	-1
אדום	-1
תפסח	-1
סיליקיא	-1
מאגניזיא	-1
אלימפא	-1
מכמש	-1
סוכו	-1
חילת	-1
חולתא	-1
מודיעין	282926
רגב	-1
ארמיניאה	-1
פונטום	-1
קאפיטולון	-1
קסרי	-1
עמאוס	-1
סבסטא	-1
גבלן	-1
טרכונה	-1
ביתנאי	-1
פמאייס	-1
שבמדי	-1
חלקיס	-1
דייב	-1
קסרין	-1
חבתא	-1
חברה	-1
גנזק	-1
קירני	-1
קיריני	-1
שעיר	-1
ערביא	-1
גבת	295035
אנטיפרוס	-1
יבוס	-1
שוכו	-1
שבשומרון	-1
טוליטילה	-1
מאראטאן	-1
סטרטון	-1
קליקיא	-1
פקיעין	-1
צרידה	-1
בתירה	-1
שלציין	-1
קשטיליא	-1
נוי	-1
אלקירוואן	-1
בורסיף	-1
קאטאלוניה	-1
קאטאלוניא	-1
ברצלוני	3128760
אלקירואן	-1
עסיא	-1
טאראשצא	-1
סמילא	-1
שיפאטאווקי	-1
באלטא	-1
טרנאפאל	-1
מאלדאוויע	-1
יאססה	-1
צערניחאב	-1
יאלטישקוב	-1
קאזין	-1
אשצוב	-1
בערשיט	-1
מעזעריטש	-1
פאראבישטש	-1
טשערנאביל	-1
סאווראני	-1
טשייטשילניק	-1
סאדעגערא	-1
בוקאווינע	-1
סטריסוב	-1
קארשטישאב	-1
טשערקאס	-1
טריסק	-1
טאלנע	-1
סקווערע	-1
ראכמאסטריווקע	-1
מאקאראב	-1
ליבאוויץ	-1
זינקאב	-1
הארידענקי	-1
מעדוועדיווקא	-1
בראסליב	-1
מעדוועדיווקע	-1
זלאטיפאלי	-1
שפאלע	-1
אברופה	-1
בראסלוב	-1
טשערניחוב	-1
יאסה	-1
סטאנוב	-1
טארנארידע	-1
רוזען	-1
טארנאפאלה	-1
טרנאפאלה	-1
פידאיעץ	-1
זאליסטשיק	-1
סאדעגערע	-1
סאדיגערא	-1
מאלדאווה	-1
מאלדויע	-1
הערצע	-1
מאלדאוויא	-1
הערצה	-1
ביאן	-1
ראדעאוץ	-1
בעלדז	-1
בעסעראביען	-1
חאטין	-1
לופקאן	-1
דניעסטר	-1
אוורוטש	-1
בתלטע	-1
אלכוזר	-1
קאדניע	-1
סטאניב	-1
מיקולייאב	-1
רומיניען	-1
צערניחוב	-1
רדיטשובה	-1
ליניץ	-1
גירוציה	-1
קרעמיניץ	-1
קרעמניצה	-1
טיראספאל	-1
קישינובה	-1
מאלדאווא	-1
וואלאכיא	-1
טשערנאבאל	-1
דובאסאר	-1
בערשעט	-1
דובאסארה	-1
חארקוב	-1
חארקאב	-1
בולוניה	3181928
פימונט	-1
ארמוריקה	-1
ברטוניה	-1
הלווציה	-1
דימוטיקה	-1
ידיאגאטש	-1
באלקנים	-1
חמדן	-1
דגסטן	-1
טיפלית	-1
ווהליניה	-1
סאראטוב	-1
הלסינגפורס	-1
ציונה	281184
גליפולי	-1
ורסיליה	-1
לוזנה	2659994
חמרה	-1
אירקוצק	-1
כרכלשתא	-1
בעז	-1
אדס	698740
עילם	-1
צין	-1
מתקה	-1
יטבתה	-1
אופירה	-1
טיטירוב	-1
נבו	-1
ארנון	-1
שפולא	-1
סטוקהולם	2673730
יפניה	-1
מרסיל	-1
סלובודקה	-1
ישפניה	-1
סאנטאנדלר	-1
אלקאלא	-1
מדריד	-1
שיביליאה	-1
אזור	-1
ליסבון	2267057
וסטוהאן	-1
גליא	-1
ממנדרניא	-1
טובוסו	-1
מונטיאלי	-1
תולידה	-1
מורסיה	-1
מנטואן	-1
מונטואן	-1
מונטיאל	-1
לפיסי	-1
שיביליה	-1
טובוסה	-1
הול	-1
בלטיניברוס	-1
שיגיביא	-1
קורדובא	-1
יביליה	-1
טרפובן	-1
צילון	-1
ערביאה	-1
קשטיליה	-1
אסטרמדורא	-1
מוריינא	-1
מורינא	-1
מיקומיקון	-1
מוקימיקון	-1
שפניה	-1
סרגוסה	-1
נברה	-1
ונדליה	-1
אנדלוסיה	-1
מירנדא	-1
אורן	-1
סנסואנה	-1
פריזה	-1
אספמיה	-1
אברו	-1
הדו	-1
מדינא	-1
קמפו	-1
מרנון	-1
סנטיאגו	-1
הררדורה	-1
טמבלקה	-1
קנדיה	-1
רומאה	3169070
מדרידה	-1
ברטריה	-1
אוסונה	-1
ברצלונה	3128760
כתים	-1
צידונה	-1
גבעון	-1
מכמס	-1
זנוח	293117
מנית	-1
ואלאזין	-1
ברצלב	-1
אדר	-1
זבוהיל	-1
סלויטא	-1
סלוויטא	-1
ניקופול	-1
שפרעם	293539
ביהם	-1
צופים	-1
גיסין	-1
