ירושלים	2925533
ליוורנו	98182
זאלקווא	-1
ווארשא	756135
טריפולי	-1
ווילנא	593116
לובלין	756135
קראקא	3094802
נאווי דוואהר	-1
וויניציאה	3164603
זולצבאך	-1
וינה	-1
קיעוו	703448
מאסקווע	524901
חוסט	-1
דירנפורט	-1
לודז'	3093133
דראהאביטש	709611
פיורדה	2923544
ירושלם	2643743
קושטאנדינה	-1
קאלאמיי	-1
אמשטרדם	2759794
ווילנע	593116
קולומאה	-1
קאפוסט	-1
ויניציאה	3164603
הוראדנא	627904
אוסטרוג	-1
פרנקפורט דמין	2925533
למברג	702550
לאדז'	3093133
תל אביב	-1
בגדאד	98182
סלאוויטא	-1
תונס	2464470
יפו-תל-אביב	-1
זיטאמיר	593116
שעדלעץ	759412
ריגע	-1
פרעמישלא	761168
אוסטרהא	-1
שקלאוו	-1
בילגורי	775922
ווארשע	756135
לעמבערג	702550
פריס	2988507
סיגעט	667227
לבוב	702550
בילגורייא	775922
פיעטרקוב	756135
רעטיאג	-1
פרנקפורט דאודר	2925535
פיטרקוב	-1
מונקאטש	700646
ברדיטשוב	712441
לאדזש	3093133
תל-אביב	-1
ולנא	593116
יוזעפאף	-1
קראטאשין	2925533
דיהרנפורט	3067696
זאלקווי	-1
אוסרטהא	-1
נעוו-יארק	-1
מינקוביץ	-1
פראג	3067696
דובנא	709540
פולנאה	-1
שקלאב	-1
פלטבה	696643
בארג	3067696
פראמפאל	-1
טשערנאוויץ	702550
ווארשי	756135
בערעזנע	-1
פטרבורג	498817
פרג	3067696
חיפה	-1
ז'יטומיר	703448
פאקש	-1
ניו-יארק	593116
פאריס	2988507
ניו יארק	593116
בערלין	2879139
ניו יורק	-1
קניגסברג	554234
פראנקפורט א. מ.	2925533
ברלין	3060972
ורשה	756135
ראמאן	668732
לונדון	2643743
רודוס	-1
קרקוב	3094802
ווארשה	756135
פקש	-1
מנטובה	3174051
וויען	3060972
יפו	-1
ברוד	711416
סונצין	-1
וורשא	756135
גבעת ברנר	-1
אודסה	698740
"ס""ט פטרבורג"	498817
רעדעלהיים	2643743
וילנה	593116
פראור	-1
מינסק	-1
סלאנים	621754
האמבורג	2911298
כלכתה	-1
סדילקוב	-1
לאדז	3093133
קונסטאנטינופלה	-1
ברעסלוי	3081368
לאנדאן	2643743
פרעסבורג	3060972
צנז	-1
צפת	-1
הוסיאטין	702550
ניוארק	-1
ווילנה	593116
ונזבק	-1
כארקאוו	706483
אדעס	698740
טורונטו	6167865
טאראנטא	6167865
סידלקאב	-1
סאלוניקו	734077
ווינא	-1
נויארק	4930956
קאלאמיא	-1
אדעססא	698740
קשיניב	-1
פינסק	-1
ווין	524901
הורדנה	627904
וילהרמסדורף	-1
בריסק	629634
קושטנידנה	-1
זאלקוי	-1
אזמיר	311046
מ' סיגעט	667227
נא אמון	347342
פראנקפורט	2925533
מיץ	2994160
קיידאן	598272
אנטווערפן.	2803138
קמניץ	-1
לעמברג	702550
ביאליסטאק	776069
סנט פטרבורג	498817
בודאפעשט	3054643
ווענגראב	756046
בארדיטשב	712441
איזמירנה	311046
יס	675810
סדילקאב	-1
ויניזיא	3164603
ווילהרמרש דארף	-1
פונא	-1
פאדובה	3171728
ג'רבה	2464470
קהיר	360630
ב'יינה	-1
אויגשפורג	-1
וינא	-1
אלכסנדריה	347342
מינכען	-1
טשערנאוויטץ	-1
דובנה	709540
פרנקבורט דמיין	2925533
פשעמישל	761168
אנטווערפן	2803138
אוסטרה	-1
בומבי	-1
שקלוב	-1
אמסטרדם	2759794
קושטא	-1
טארנאפאל	691650
שאלוניקי	734077
פיזה	3170647
סוסה	-1
לונדן	2643743
ליק	-1
דעווא	-1
ליייפציג	2879139
"אר""ץ"	-1
ליפסיה	2879139
סלאוויטה	-1
אמשטירדם	2759794
ג'נבה	-1
פיעטרוקב	-1
נויורק	2879139
בערעסטעטשקא	-1
בני ברק	-1
יאנוב	770473
ויניציזא	3164603
קאיירו	360630
ארם צובה	-1
וניציאה	3164603
אלג'יר	-1
בארדיטשוב	712441
אופנבך	6559110
פיסא	3170647
שאראיי	-1
ריגא	-1
קובנה	598316
פרמישלה	761168
לומזה	766027
טירנוי	3057124
קישינוב	-1
ברעסלויא	3081368
זיטומיר	-1
וויזניטץ	689434
וויזניץ	689434
ברין	3078610
נובי דבור	-1
ויניציה	3164603
קורפו	2463679
ברילאן	-1
תלמסאן	2475687
ניב'ייורק	-1
פיורדא	2923544
קארלסרוא	2892794
"פ""פ דאדר"	2925535
פאלטאווא	696643
אמשטירדאם	2759794
רעדלהיים	-1
וינציאה	3164603
באסיליא	-1
סאלוניקי	734077
דעסויא	-1
מונקץ'	700646
ריוה די טרנטו	-1
דיהרן פארט	-1
זבריז	-1
אויביבאך	6559110
במביי	-1
סטאניסלאב	707471
הומבורג	2911298
בילוגראדו	792680
האנווא	-1
קאוונע	598316
טאלין	588409
אסכנדריה	347342
קאליש	3096880
קאהיר	360630
סופיה	727011
וולינע	593116
סופיאה	727011
ראדזין	-1
קראקוי	3094802
האווי דוואהר	-1
סמרקנד	-1
האמעל	627907
באלקאני	-1
שיקאגא	4887398
בארדיוב	-1
ריווא דטרינטו	-1
רוסג'וק	2844588
פתח תקוה	293918
קוספולי	-1
קושטאנטינה	-1
פיטרבורג	498817
שאלוניקו	734077
קאנטאבריגיא	-1
פירינצי	3176959
אפען	3054643
קוסטאנדינה	-1
קרשאנוב	-1
פרסבורג	3060972
מץ	2994160
שטעטטין	-1
רומא	3169070
סאטו-מארע	-1
פיוטרקוב	-1
קאוונא	598316
מצרים	360630
במבי	-1
וירונה	3164527
בארטפעלד	-1
יאסי	675810
לאורנו	-1
איזמיר	311046
סאטמאר	667873
פאריש	2988507
שנגהאי	-1
פראנקפורט דמיין	2925533
דרוהוביץ	709611
כארקוו	3094802
פרנקפורט דמיין	2925533
קרמונה	6541851
אודיסא	698740
פאריז	2988507
מוסקוה	524901
"פ""פ דאדרה"	2925535
כאזאבלאנכא	2553604
מרראקס	6547285
וויענא	-1
מנשיסטיר	-1
אפענבנאך	6559110
בודאפעסט	3054643
נוא-יארק	-1
פראנפורט דמיין	2925533
מינקאוויץ	-1
יוזפוף	711416
לינעוויל	-1
באסיליאה	-1
בולונייא	3181928
שילוניקי	734077
"אמד""ם"	2759794
קושטנדינא	-1
פירארה	-1
ויניצייא	3164603
אופנבאך	6559110
שיקאגע	4887398
דעווה	-1
אדעסא	698740
לפסיא	2879139
האללע	-1
באסטאן	4930956
ווארשוי	756135
לעבערג	702550
בסליאה	-1
קוגין	-1
ביינה	-1
באסעל	-1
סביונטה	-1
וינידיג	3164603
בוענאס איירעס	3435910
וויטעבסק	620127
נייאי וויט	2863840
דסאו	-1
קרימונה	6541851
יעסניץ	2894948
גוזלווא	688105
גראיעווא	-1
סביוניטה	-1
אופיבאך	6559110
קאניגסבערג	554234
הענוויא	-1
המבורגו	2911298
טראנאפול	691650
פילאדילפיא	-1
קאלאמעא	700646
המבורג	2911298
זאלקווייא	-1
האלברשטאדט	-1
הנובר	2910831
טבריא	293322
פאדגורזע	-1
פרנקפורט דאדרא	2925535
בוטשאטש	-1
למעבערג	702550
אפענבאך	6559110
לנדון	2643743
פילאדלפיא	-1
פירטה	2923544
פראנקפורט א.מ.	2925533
לייפציג	2879139
קצונטינא	-1
בארדיאב	-1
סנט לואיס	-1
מעזיראוב	-1
גאלאטה	-1
פרנקפורט דאדרה	2925535
קעטשקעמעט	-1
קורוגישמי	-1
ויין	-1
אוקספורד	2640729
קעניגסבערג	554234
בוקרשט	683506
וורשה	756135
בירות	-1
ליפציג	2879139
אלטונא	-1
קושטאנדינא	734077
ווירסייליס	-1
אמשטלרדם	2759794
"פרנקפורט ע""נ מין"	2925533
אוביבאך	6559110
מראכש	6547285
בגדד	98182
סט. לואיס	-1
ווילהרמש דארף	-1
דעסוי	-1
בזילאה	-1
כלכתא	-1
ביאליסטאוק	776069
ויניזיאה	3164603
נוא יארק	-1
ביאליסטק	776069
באזיליא	-1
ביאליסטוק	776069
ווטצען	-1
ווייטצען	-1
וואטצען	-1
ליווערפול	-1
מארגרעטען	673816
ברוקלין	-1
קלוז	681290
רחובות	-1
סלוניק	734077
כלכלתא	-1
מינץ	-1
קליינווארדיין	-1
לעמבורג	702550
איידטקוהנען	-1
יאהאנניסבורג	-1
פיליפפופולי	728193
ביליסטוק	776069
מיכאלאווצע	-1
קאששויא	724443
קאלאמעאה	-1
ניויורק	-1
ניויארק	-1
סנקט-פטרבורג	498817
זולצבך	-1
טובינגען	2820860
בראדי	711416
אלעקסניץ	-1
פרנקפורט דאדר	2925535
אופי באך	6559110
שלוניקי	734077
שדה לבן	712165
פריבורג	-1
קארעץ	-1
פאריצך	-1
סלאפקוויץ	-1
שאלניקי	734077
פראנקפורט דאדר	2925535
האנוואה	-1
באזיליאה	-1
ונציה	3164603
שאמלויא	-1
דעעש	-1
אראדע גראסעארדיין	671768
טרנוב	757026
פראנקפורט על המיין	2925533
איגלוי	-1
ווניציאה	3164603
טאלטשווא	-1
לודז	3093133
ווראנוב	-1
ארשיווא	-1
קאשיצע	724443
ברעסלא	3081368
צרפנד	-1
ווילהמרשדארף	-1
ריווא דטרינט	-1
ניו-יורק	-1
מארמאראשסיגעט	667227
הרובשוב	-1
טבריה	293322
פראנקפורט ע'נ מיין	2925533
עין חרוד	-1
טשרנוביץ	-1
אלגיר	-1
טארנאוו	757026
מגנצא	3060972
קארקא	3094802
רמת-גן	-1
איסטנבול	-1
מעקסיקע	3530597
פאדגורזע אצל קראקא	3094802
הידרנום	-1
בארדיאב סלאוואקיי	-1
לוק	-1
מאטעסאלקא	-1
אמסטערדאם	2759794
טרנא	757026
קונסענטימיקלאש	-1
ויניציא	3164603
באזיליה	-1
סאטומארע	-1
קושטאנציא	-1
אמשטרדאם	2759794
פראגה	3067696
פירארא	-1
אויגפשורג	-1
וויניציא	3164603
אדריאנופולי	747712
פזרו?	-1
קרקא	3094802
ויניצייאה	3164603
יאססי	675810
פירדא	2923544
ליפסיא	2879139
פשעמיסל	761168
סט פטרבורג	498817
בברויסק	630468
"פרנקפורט ענ""מ"	2925533
שיקגו	4887398
פאקש...	-1
טהארן	-1
בודאפשט	3054643
טארנא	702550
קושטה	-1
האנובר	2910831
פרנקפורט	2925533
איטליה	-1
מ. סיגעט	667227
פאדגורדא	-1
אוזהאראד	690548
נו-יארק	-1
ליעדז	2644688
מעזובוש	-1
ווילמרש דארף	-1
נעזין	-1
קונסטאנטינופולי	-1
מוקצ'בו	700646
איסמירנה	311046
קלויזנבורג	681290
פרעמיסלא	761168
מאהלוב	-1
מאראמאראשסיגעט	667227
יאראסלויא	770380
ברוקלין-ניו-יארק	-1
בראנזוויל	-1
בארטפעלד בארדיאב	-1
פרזעמישל	761168
דיהרנפארט	-1
ברסלוי	3081368
פיערטקוב	-1
מוונקאטש	709611
סאניק	-1
בואינוס איירס	3435910
נויוארק	-1
באלטימאר	4347778
אונגוואר	690548
זלאטשוב	686896
העדרנום	-1
דמשק	170654
ריווה	-1
קושדאנדינא	-1
טרין	-1
פלשתינה	-1
האנוויא	-1
ריגייו	-1
בסיל	-1
לונדריש	2643743
אמשטילרדם	2759794
באקוי	-1
אודיסה	698740
קוונא	598316
פארדגורזש	-1
סינסינטי	-1
דעטראיט	-1
טיסאלוניקי	734077
סניאטין	-1
קושטנטינה	-1
רימינו	6541863
פריז	2988507
פרעססבורג	3060972
קושטנדינה	-1
דיהרן פורט	-1
ורשא	756135
גרבא	-1
קושטנטינא	-1
אלונים	-1
בלוגראדו	792680
וואיטצען	717582
אופן באך	6559110
דובראוונא	-1
מעזירוב	-1
בוקארעשט	683506
מינקאווץ	-1
בלגורייא	775922
איזנא	-1
איזנה	-1
בלגרד	792680
"קלוז""ש-קלויזענבורג"	681290
בוקאווסק	-1
ליידן	2751773
וווארשא	756135
אמשטילרדאם	2759794
טורקא	690960
פיעטרקאב	-1
אלטאנא	-1
בילסקו	-1
טירנויא	3057124
סטניסלאב	707471
סאנט לואיס	-1
בילגוריי	775922
וין	-1
קאלקמעא	-1
בעקלעאן	-1
לאמזא	766027
יאס	675810
נא אמון-אלכסנדריאה	347342
סט. לואיס מא	-1
קאוונה	598316
קיידאן ליטא	598272
גראייעווא	-1
סעאיני	-1
פאדגארזע	-1
ק. טשארדא	667227
קידן	598272
פרעסברוג	3060972
יערוסלב	770380
זאקלווא	-1
פיראר	-1
אוביבך	6559110
הלברשטאטט	593116
חארבין	-1
פרגא	3067696
טורינו	3165524
ג'רבא	-1
טריעסט	-1
נאווי דווהר	-1
מישקאלץ	717582
קאששא	724443
אוהעלי	-1
לונדענבורג	-1
קבנה	598316
קלוזש	681290
ריו דע זשאנעירא	-1
בוסטון	4930956
באטושאן	-1
וארשה	756135
אראדעא	671768
אזימרינה	311046
פילדלפיה	-1
פעסט	3054643
הרובישוב	-1
מעזירטש	-1
ברונא	3078610
בילגוראדו	792680
ורנקבורט דמיין	2925533
קיש-קערעש	-1
סופ'יאה	727011
פראגא	3067696
בואנאס איירעס	3435910
מאנטרעאל	6077243
פשמישל	761168
טאללין	588409
אטלאנטא	-1
הילדעסהיים	-1
וואשינגטאן	-1
דרעזדען	2935022
מונאטש	700646
יוזעפאב	-1
לאס אנגעלעס	-1
מוסקווע	524901
פילאדעלפיא פא.	-1
נייארק	-1
קאונאס	598316
פילאדעלפיא	-1
זולבצאך	-1
פוד ברעזיץ	-1
פאריצק	-1
מיהאליוויטץ	-1
קעשענעוו	-1
קאונס	598316
נייפעסט	3054643
דארפאט	588335
אונוואר	690548
והראן	2485926
וארשא	756135
סאלוניק	734077
אוסטראה	-1
למבערג	702550
דאר לביצא	2553604
הרצליה	-1
באלטימאר מד.	4347778
זולקווא	-1
פדואה	3171728
בוקורעשט	683506
דווינסק	-1
אדריאנופלה	747712
סטרי	-1
שונצין	-1
פעטערבורג	498817
ווארשויא	756135
לוצין	457776
קיווע	703448
פעטראגראד	498817
ויניצייה	3164603
עדמאנטאן	-1
פדובה	3171728
פאדגארזע אצל קראקא	3094802
דוקלא	-1
לעמברעג	702550
"פ""ב"	3060972
האמברוג	2911298
פיזרו	-1
טהראן	112931
"ס""ט פאטרבורג"	498817
מנטואה	3174051
פרנקפורט דאדאר	2925535
בודאפסט	3054643
"ורנקנורט ע""נ מוין"	2925533
גאלאנטהא	-1
טאנכיר	-1
טורנא	3057124
עדעלין	-1
צובה	-1
פיטערקוב	-1
האלבערשטאדט	-1
טשקינט	-1
יקטרינוסלב	709930
קיוב	703448
וואללשטיין	-1
יוזעפף	-1
קאשוי	724443
פאזעוואלק	-1
אנטוורפן	2803138
ואיטצען	-1
פיעטרקאוו	-1
פריש	2988507
ויינא	-1
נירנבערג	2861650
סוליש	-1
באטאשאן	-1
זשענעוו	-1
ברן	3094802
ראטטרדם	-1
סובאלק	-1
קלויזענבורג	681290
בעטלען	-1
ורשו	756135
קוינס	-1
זאבלטוב	-1
"ס""ט-פטרבורג"	498817
וויעננא	-1
נאוואהרדאק	-1
מנשסתר	-1
יאלעוויטץ	-1
גנווא	-1
בומבאי	-1
זאלקווה	-1
"פראנקפורט ע""נ מיין"	2925533
דיהרנפרט	-1
פאנעוועז	596130
גרבה	-1
מוסקבה	524901
סט. פטרסבורג	498817
וילנא	593116
ברלין-שרלוטנבורג	593116
בבל	98182
פרנקפורט אדר	2925535
נתניה	-1
אודססא	698740
סלוצק	-1
נירן בורג	2861650
מעזירטש גדול	-1
ורנקבורט	2925533
פראנקפרט	2925533
סאטו מארע	-1
באהסלב	-1
"פא""ס"	-1
בוקורישט	683506
קלוזש קלויזענבורג	681290
פראנקפורט א' מ'	2925533
ראדוויל	-1
מאנשעסטער	-1
בוענאס-אירעס	3435910
דראהביטש	709611
ני יורק	-1
גליניאני	702550
מוקאטש	700646
וניזייה	3164603
"פרנקפורט ע""נ מיין"	2925533
מיהאלעוויטץ	-1
וורשוי	756135
סופ'ייה	727011
וארשע	756135
מאסקוויע	524901
מאנטריאל	6077243
קצנטינה	-1
פעטראגרד	498817
האג	2747373
ליססא	3093524
ווילהרמרשדארף	-1
בואינוס אייריס	3435910
נייטרא	3058531
פולנאי	-1
ברדיטשב	712441
קארלסרוהע	2892794
קלוזענבורג	681290
ציריך	-1
מודינא	6541461
נו יורק	-1
ברוקפיעלד	-1
לידה	2751773
וורשע	756135
געטינגין	2918632
"ס""ט פטרסבורג"	498817
קושטאנטי	-1
מוגאדור	2549263
ווראשא	756135
הג	2747373
בודפשט	3054643
אנוירשה	2803138
יאווארזנא	-1
לאשצוב	-1
לובאטשוב	-1
באריס	2988507
בערעזנא גדול	-1
פיעט ...	-1
סוואליווע	-1
מעזריטש	-1
ברלין תל אביב	-1
קושטאנטינא	-1
הורדאדנא	627904
בערעגסאס	712423
"פפד""מ"	2925533
טיהינגן	-1
לפסיה	2879139
יאהאנניסבערג	-1
"פפענ""מ"	2925533
קוסטאנטינה	-1
רעדלעלהיים	-1
גוזלוו	688105
טריאסטי	-1
לייפסיג	2879139
גיססן	-1
בודפסט	3054643
רמת יוחנן	-1
קאטאוויץ	-1
לינעוול	-1
עוופאטאריא	688105
קרוטושין	-1
הנאפר	2910831
עאליה	-1
קאפענהאגען	-1
סיגוט	667227
צאנז	-1
הורדאנא	627904
קוסטאן	-1
ארם צובא	-1
קופנהגן	-1
וורשווא	756135
גאלאנטא	-1
דירהנפורט	-1
קיירי	-1
קונסטאנטינופולה	-1
באקארעשט	683506
טשרנוביץ'	-1
ויניצאה	3164603
קושאנדינא	-1
סופיא	727011
ייאמבולי	-1
קלעא	-1
גוזלוב	688105
יוופאטורייא	688105
אלקהירה	360630
ווילהרמשדארף	-1
לנדן	2643743
באלטימארע	4347778
פיטסבורג פא.	5206379
אמסטרדאם	2759794
קיניגשבערג	554234
ראגענדארף	-1
יוזעפוף	-1
קיירה	360630
פיטריקוב	756135
בענדין	-1
טשרנאוויץ	-1
תוניס	2464470
קליבלנד	-1
ווינה	-1
בוקרסט	683506
צ'רנוביץ	-1
טראבלס גרב	-1
ארג'יל	-1
בענדר	-1
בראילוב	698740
מנסשתר	-1
גלאגוי	-1
בולגראדו	792680
ייאסע	675810
גטבורג	2711537
מעזיבוז	-1
טירנור	3057124
אורטה קייואי	-1
בווינוס איירס	3435910
באג'דאד	98182
קרימוני	6541851
ברדטשב	712441
זסלב	-1
וויטצען	-1
אטוואצק	762788
לאחוויץ	-1
ברלין-שרלטנבורג	-1
קנטאבריגיא	-1
שאראי	-1
זאמאשטש	753866
בודא-פעסט	3054643
אוסטרובצה	-1
בריסל	2800866
בסיליאה	2923544
פראנק פורט דאדר	2925535
דעברעצען	721472
קוסטנטינא	-1
ניו יארק.	-1
רדום	760778
טשענסטאכאוו	7532537
ס' פטרבורג	498817
אראדעא רומניא	671768
שלוניקו	734077
איסטאמבול	-1
קונסטאנטינופלי	-1
קוספלי	-1
קונסטאנטיפולה	-1
אליקסאנדריאה	347342
קאנסטאנטינופלה	-1
בוענאס-איירעס	3435910
שאלוניק	734077
סטאמבול	-1
קוסנסטאנטינופלה	-1
מעמעל	598098
בוקאריסט	683506
"קאב""אלה"	734077
טיסאלוניקו	734077
קיב	703448
פאדובאה	3171728
פירנצי	3176959
וואיצען	-1
נעוו יארק	-1
טיסאלוניקיי	734077
פ'יליפפופולי	728193
קולונייה	727011
סופייה	727011
סופי'ייה	727011
פריסבורג	3060972
סאראייב'ו	-1
גראססוארדיין	671768
קעשינעוו	-1
אויבערווישא	-1
הלברשטט	-1
מנשסטר	-1
קונסטאנטינפלה	-1
פיליפופולי	728193
אזמירנה	311046
סעיאיני	-1
קארלזרוהע	2892794
סופ'ייאה	727011
זאלק'	-1
טאטאר באזארג'יק	-1
קושטאנטינופולי	-1
סילאדי-שאמלוי	-1
קושטנאדינה	-1
תסלוניקי	734077
ברסלויא	3081368
עדן	-1
גראסווארדיין	671768
תיסאלוניקי	734077
טורנו סיווירין	678817
סט' לואיס	-1
פאס	-1
שנגהי	-1
פאדגוזע	-1
האננאפער	2910831
ורנקפורט דמיין	2925533
וויניפעג	6183235
מאינץ	-1
קישינעוו	-1
קושטאנדינא אורטה קואי	-1
באטשאן	-1
מילהויזן	-1
פולטוה	696643
קסאנטי	-1
סטאניסלוי	707471
דובנא רבתי	709540
אתינא	-1
שקלאו	3067696
פאדגרוזע	-1
קאונע	598316
ריוא דטרינט	-1
מגדיאל	-1
פרעמישל	761168
לונדריס	2643743
אלטדורף	-1
מאלעניטץ	-1
אדעסע	698740
קונספלי	-1
ליאורני	-1
אמטשרדם	2759794
"ס""ט פעטערבורג"	498817
מעלבורן	-1
צפון ים המלח	295458
אפיקים	-1
קלוז'	681290
וואשא	756135
קעניגסערג	554234
ראמני	695464
פאריאש	2988507
"פרנקפורט ע""ו מין"	2925533
ועארשא	756135
הומנה	-1
שאמלוי	-1
סטניסלו	707471
פרנקפורט ענ' מיין	2925533
סדילקאוו	-1
סטניסלב	707471
הענא	-1
שטראסבורג	2973783
זאלקוויא	-1
קאלאמעיא	-1
משמר העמק	-1
פלאצק	3088825
לאנדן	2643743
לאס אנדזשעלעס	-1
נ.י.	-1
באלטימור	4347778
סט' פטרבורג	498817
לוגאנסק	-1
"ש""א אוהעל"	-1
ש.א. אוהעל	-1
טארנאו	757026
פאזען	3088171
ציון	-1
ברעאסלויא	3081368
פשמישל גליציה	761168
ויען	-1
תל אביב-יפו	-1
ברלין-וילמרסדורף	-1
מכנאסא	2542715
דזשורסי סיטי	-1
"ס""ט פיטורבורג"	498817
פעשט	3054643
פראנקפורט דמין	2925533
"פראנקפורט א""מ"	2925533
טירת צבי	293304
"ס""ט פטרבטרג"	498817
קאפינהאגין	-1
בוקארעסט	683506
גוריציאה	6541866
הורודנא	627904
ברודי	711416
"ירושת""ו"	-1
קרית ענבים	-1
ריגה	-1
בליזורקע	-1
קובל	-1
דראהוביטש	709611
דאנציג	3099434
דרוהוביטש	709611
גראסוואדיין	671768
סאטמר	-1
יפו-תל אביב	-1
פשעמיש.	761168
בערדיטשיב	712441
סן פאולא	-1
רומה	3169070
האלי	-1
לעמערג	702550
קראקוב	3094802
וירבלן	-1
אודעססא	698740
יעקאטערינאסלאוו	709930
שטעעטטין	-1
מאסכאב	524901
פרנאנקפורט דאדדה	2925535
בת ים	-1
דאר אלביצא	2553604
גבעת השלשה	294997
קשטאנטינה	-1
גבע	-1
ברלין-שאנעבערג	-1
מונטריאל	6077243
בודפעשט	3054643
"קונס""טמיקלאש"	-1
מארגהיטא	673816
וייצען	-1
קרקוי	3094802
מונקטאש	700646
מאנשעסטר	-1
מאנטשעסטער	-1
פעסטה	3054643
פרמישלא	761168
קבוצת גורדוניה שדמות	-1
בג'דאד	98182
טארנא סלאוואקיי	757026
קלאמעא	-1
לעמברערג	702550
אורשיווא	-1
גנוסר	295002
זלקווע?	-1
סט' פעטערסבורג	498817
הוראדני	627904
גיסא	-1
אוז'הורוד	690548
אוזיהורוד	690548
ער מיהאליפאלווא	-1
פיטסבורג	5206379
שימלעול סילוואניע	-1
מונקטש	700646
פיטטסבורג	5206379
פיטטסבורג פא	5206379
אנטורפן	2803138
פיעטסבורג	5206379
מוינשט	-1
אוזהאראד-אונגוואר	690548
אוזשהאראד-אונגוואר	690548
וואץ	-1
ווארהל	-1
זאלשטשיק	-1
גרודנה	627904
קרים	-1
וואייטצען	-1
פורטו אלגרה	-1
הוסיטין	-1
סאן פאולא	-1
סיגט	667227
אנטווערפען	2803138
אוזהאראר-אונגוואר	690548
באברויסק	630468
ב' איירעס	3435910
פראנקפורט אם מאין	2925533
הערמאננשטדאדט	667268
קארני	-1
ווילנא הוראדנא	627904
זיאטמיר	-1
קעניגסברג	554234
רדזין	-1
רומי	3169070
"ת""א"	-1
זלקובי	-1
קראקאו	3094802
טראבלס	-1
זבאריז	-1
בארדטשוב	712441
פאנו	-1
זשעענוו	-1
רישא	759734
צרנוביץ	-1
סיגהעט	667227
בוענאס איירס	3435910
"פרנפורט ע""נ מיין"	2925533
דנציג	3099434
מונקטאטש	700646
זלוטשוב	686896
"ס""ט לואיס"	-1
סדיקלאב	-1
פיעקרקוב	-1
סטניסלאו	707471
תונס-ג'רבה	-1
האנוויאה	-1
ברהובה	712423
באמבערג	2952984
דעש	-1
סעיני	-1
יאראסלוי	770380
במבאי	-1
"פראנקפורט ע""נ מאין"	2925533
יאהאנעסבורג	593116
דירן פורט	-1
רמת גן	-1
נענה	294135
דראאביטש	709611
לוצק	702569
פטרוגרד	498817
שטאמפי	-1
בואנוס איירוס	3435910
מוקאטשעווא	700646
"פרנקפוט ע""נ מין"	2925533
פאלטישען	-1
פראסקרוב	-1
ראשון לציון	-1
טשעבין	-1
מינקיוויץ	-1
פעטרקוב	-1
קפוסט	-1
קליוולאנד	-1
וואנזיבעק	-1
בסילאה	-1
פילאדעלפיא פ.א.	-1
בונוס איריס	3435910
קארלסרוה	2892794
קישיניאוו	-1
פרילוקא	-1
קעשנוב	-1
פרמיסלא	761168
בערגסאס	712423
ניעזין	-1
טיסאסאספאלא	-1
סלונים	621754
פיעטרקוב.	756135
יאאסי	675810
איזביצה לוב.אש	-1
איוואר	-1
בילגוריא	775922
באניהאד	-1
סיגעט רומניא	667227
טשנסטוחוב	7532537
לעמבערג דפוס סטוירופיגיאן	702550
מאהילוב	-1
זולץ באך	-1
קיידן	598272
סט. פטרבורג	498817
וואשרא	756135
פלוצק	3088825
"ס""ט פעטערסבורג"	498817
סאראקי	-1
דגניה ב'	-1
באהסלוב	-1
וואנזבעק	-1
אמשטערדאם	2759794
דפוס מנחם מן	627904
דפוס המשותפים	593116
פילדלפיא	-1
מרחביה	-1
לונדון וברלין	-1
מיהולוביץ	-1
אשדות-יעקב	-1
רובנה	695594
פרהא	3067696
"פ""פ דמיין"	2925533
קאליס	3096880
ליפסיאה	2879139
קיעלץ	-1
טאנגיר	-1
מונקאשט	700646
אקלאנד	-1
אלטונה	-1
קשינוב	-1
קושטאנדיה	-1
מארמארשסיגעט	667227
ווילנא הורודנא	593116
קאלאמע	-1
ברדישטוב	712441
טארנא סלאוואקי	757026
מ סיגעט	667227
פיררא	-1
נוירק	-1
מילהויזען	-1
וויניציה	3164603
משק יגור	293248
פרנקר	-1
עיר הקדש	-1
מקוה ישראל	294194
זאלקויי	-1
זאלקאוו	-1
אופ' באך	6559110
נואיארק	-1
סטאמאר	-1
יאשיניצא	675810
ר' מס	-1
שידלאווצי	-1
סעיני קאמ. סאטמאר	-1
רובנא	695594
סביניטה	-1
זאלקוו	-1
פראנקפורט דאדרא	2925535
האנויא	-1
ברעזיץ	-1
פרנקפורד דאדר	2925535
גארליצא	-1
פולטבה	630468
הישוב	-1
זאהרויא	-1
זאסלב בעיר מיידן	-1
דפוס העברי	-1
אופען	3054643
מערב לונדון	2643743
טשערנאויץ	-1
קראטשין	-1
קבוץ רודגס	293857
פרשבורג	3060972
האליטש	709034
קרקו	3094802
זאלעשטשיקי	-1
קריסטיאניא	-1
פעטרוגראד	498817
חדרה	-1
אויבערוואישא	-1
פראנקפורט אם מיין	2925533
סוגעט	667227
שאלונקי	734077
"פרקפורט ענ""מ"	2925533
חרקוב	706483
לידא	626081
סיגהעט מ	-1
זולקוויא	-1
נאוויר דוואהר	-1
י' ראטהער	756135
כפר יהושע	294494
"כפר מל""ל"	-1
לעסלא	-1
מ' פאפפעלויער	-1
"קונסט""מיקלאש"	-1
אודסא	698740
דפוס ארץ ישראל	-1
כתובים	-1
ריווה דטרינטו	-1
אדעעסא	698740
גערשעל	-1
ברדייטשוב	712441
ווייען	-1
לוס אנג'לס	-1
טריעסטי	-1
אמשטדם	2759794
קראקע	3094802
סלאויטא	-1
גאלאטץ	677697
לעווארדן	-1
קידאן	598272
קאשויא	724443
יוהניסבורג	-1
קונין	-1
קולומיא	-1
"פראנקפורט ענ""מ"	2925533
טשיקאגא	4887398
זיטאמעיר	-1
הלברשטאט	-1
ברינא	3078610
קריובה	-1
לונדאן	2643743
כאזאבאלנכא	2553604
קושטדינא	-1
ווירונא	3164527
מאזעסוויללע	-1
נס ציונה	-1
סינסיננאטי	-1
ריג'יו	-1
סבייוניטה	-1
צאר לביצא	2553604
סלאפקאוויץ	-1
קאניגבערג	554234
אמשרטדם	2759794
ש' פרוינד	761168
פשעמעשל	761168
בית השטה	295458
אוהעל	-1
נייא וויט	2863840
ס' פעטרבורג	498817
הוראדנה	627904
ייאסי	675810
פרנקפורט א'מ	2925533
סאמאש איוואר	677429
פרנקפורט-מאין	2925533
הומנא	-1
טיהינגין	-1
פעטרבורג	498817
עססלינגען	-1
קנטאבריגיא קמבריג'	-1
ברעסלואי	3081368
שכונת ברוכוב	-1
קהיר מצרים	360630
ליוורנא	-1
זסלב בעיר מיידן	-1
מיניאפוליס	-1
מונקאטץ	700646
פאדגארזא אצל קראקא	3094802
בילוגרייא	775922
זאמאשט	753866
קייב	703448
קאזאבלאנקא	2553604
אראדע	671768
ברלין - שנברג	-1
אוטרעכט	2745912
בלטימור	4347778
הומננה	-1
קאלאזשוואר	-1
בעטושאני	-1
נען	294135
ולוצלבק	-1
ריווא די טרינטו	-1
"ריווא דטרי""נט"	-1
יעוופאטורייא	688105
בית אלפא	-1
ווישא עליונה רומעני	-1
דיטרויט	-1
מקומות שונים	-1
אדעססע	698740
פראנקפורט א' מיין	2925533
נוי יארק	-1
קלוזש קלוזענבורג	681290
אדיססא	698740
אודיססא	698740
ארם-צובה	-1
גלזגוי	-1
בעקלעאן רומעניען	-1
פטרוגארד	498817
בילוגארדו	792680
פרזעמישלא	761168
קושאטנדינא	-1
עין גב	-1
עין חרד	-1
אוסטרוב-מזוב	-1
קאלומיא	-1
טרנופול	691650
באוטצן	2951881
ברוקלין-ניו יארק	-1
סעגעד	-1
מאראמראשסיגעט	667227
רוסין	864492
תל אביב יפו	-1
העמק	-1
לישבונה	2267057
"פרנקפורט א""מ"	2925533
קראסניבראד	-1
איפטוריה	688105
טאלשווא	-1
טשערנאוויטש	-1
פראנקפורט ענ' מיין	2925533
דרהאביטש	709611
בית-אלפא	-1
טשקנט	-1
יעקאטיערינאסלאוו	709930
פרנקפורט א מאין	2925533
סעאני	-1
באלעחוב	711850
סט' לואיס מא'	-1
ווארשאויא	756135
בארטפלד	-1
מיעלעץ	-1
פודגורזה	-1
וארשוי	756135
"פיעטרקוב נ""נ קראנענבערג"	-1
סילאדישאמלוי	-1
דיהר פורט	-1
יאסע	675810
בראטיסלאווא	3060972
דראהעביטש	709611
בילגרורייא	775922
רודגס	8428489
עין-חרוד	-1
בואינוס אירס	3435910
וארשויא	756135
ראפטשיטץ	709611
ואיצן	-1
ליאורנא	-1
קלוז קלויזענבורג	681290
זאלצבאך	-1
פראנקפורט א' מאין	2925533
"ש""א אויהעלי"	-1
קיפטון	3369157
בלגוריי	775922
קושיצה	724443
אורטונה	-1
בהמבורג	2911298
אדיסא	698740
פרנקפורט א. מ.	3094802
טלז	593926
לענינגראד	498817
באזיל	-1
סט' פעטערבורג	498817
סנקט פטרבורג	498817
ווירסאילליס	-1
בילסק-פודל	-1
ברעסלווא	3081368
ברעסלו	3081368
ריא די ז'נירו	-1
בארדיוב סלאוואקיי	-1
רביבים	-1
גוריציא	6541866
בעקלען רומעניען	-1
ריא דע זשאניירא	-1
גראדנא	627904
באיא-מארע	-1
יאסטרזאמב	-1
פעטראקאוו	-1
נאווי דוואר	-1
קורץ	-1
לוס אנגיליס	-1
אונצדארף	-1
סאן פראנציסקא	5391959
אופענבאך	6559110
סעקעלהיד	-1
קלוזש רומניה	681290
עדינבורג	2650225
קולימיה	-1
בולגורייא	775922
ייוופאטוריאה	688105
ווילהרמרשדארץ	-1
ירסלב	770380
רעננה	-1
דוה	-1
קאזניץ	756135
"ראשל""צ"	-1
קישיניעב	-1
סטניסלבוב	707471
קוברין	-1
כנרת	-1
מילוואקי	-1
נוארק	-1
מזיעראוב	-1
אורה	293976
סילאדי שאמלויא	-1
ווראנוב נ.ט.	-1
"ווראנוב נ""ט"	-1
שיאאוליי	-1
וילקבישקיס	-1
אוטריכט	2745912
סאספאלא	-1
אויבער-ווישא	-1
פוזנא	3088171
באזליאה	-1
שכונת בורוכוב	-1
חוסט אונגריה	-1
פאשאן פרעסבורג	3060972
טארנאפל	691650
זולקאוויא	-1
לאמזשע	766027
גראדנע	627904
סטאניסלאוואוו	707471
סאנטא פע	-1
ראוונע	695594
דפוס פועלי ציון	-1
משקאלץ	717582
קלויוענבורג	681290
סילאדישאמלויא	-1
ווינסטעד	-1
נובי-זמקי	-1
דיהרנפוט	-1
בורגאז	-1
נוייורק	-1
גור קאלוואריע	756135
שפיים	-1
ווראנוב נ' ט'	-1
קידאן ליטא	598272
נו יארק	-1
זאלעשטשיק	-1
מונקאטאש	700646
טורדאששין	-1
הענויא	-1
רמת דוד	-1
רמת-דוד	-1
לידן	2751773
בגדאד?	98182
זאלישטשקי	-1
ריו ד'זנירו	-1
תל-חי	-1
סאנקט פעטערסבורג	498817
שטעטין	-1
פהילאדעלפיע	-1
דעסיא	-1
שטרסבורג	2973783
באזל	-1
קארלסרועה	2892794
בזליאה	-1
וייען	-1
ברמן	-1
קונסטנטינופלה	-1
קוטן	-1
האלבערשטאטט	-1
גרמניה	-1
זסלאב	-1
טשערנאוועץ	-1
וואנדעזבעק	-1
"לי""דא"	2751773
יאזעפאף	-1
ויאנה	-1
קאנטבריגיא	-1
אוזהאראד אונגוואר	690548
וירונא	3164527
בלטימארי	4347778
לווורנו	-1
נייאוויט	2863840
פרעמישלה	761168
שרימם	-1
אלגזאיר	-1
וויניצע	3164603
ר.ס.פ.ס.ר.	524901
בודאפעטשט	3054643
ראוונא	695594
גאלגוי	-1
קיעב	703448
ווילנע ניו יארק	-1
דיהרפורט	-1
קעשנעוו	-1
מאסקווע בארקאוו מינסק	524901
שערעשעוו	-1
סאנט פטרסבורג	498817
קאלאניע מאוריציא	-1
מאסקווא	524901
בערן	3164527
פטעראגראד	498817
לידז	2644688
כארקאוו קיעוו	706483
כארקאוו אדעס	706483
קיעוו כארקאוו	703448
קיעוו עארקאוו	703448
נוי-יארק	-1
האוואנא	3553478
סווענציאן	-1
שיקאקא	4887398
כארקוב	706483
בנדין	-1
קאטערינאסלאוו	709930
מאסקווע כארקאוו מינסק	524901
קאנסטאנטין	-1
ווארשא שדה לבן	712165
בארדיטשעוו	712441
רוס. און פוילן	-1
ליטא	-1
מענדאסא	3844421
בוקורשטי	683506
ליטע	-1
קישיניאב	-1
בירעבידזשאנ	-1
אדדעסא	698740
מ' גאלדפארב	756135
לעטלאנד	-1
פילאדעלפיע	-1
קאפענהאגן	-1
חארקאוו	706483
שטאקהאלם	2673730
זאגלעמביע	-1
פיעטערקוב	-1
כארקוו אדעס	706483
שט. בירעבידזשאן	-1
בואנוס איירעס	3435910
ווראשע	756135
פולטוסק	-1
אסטראוו	-1
אמשטילודם	2759794
קראקויא	3094802
"ל""מ שטיין"	4887398
נאדבורנא	700507
הארטפארד קאננ.	-1
וולאצלאוועק	-1
האראדענקע	-1
קייפטאון	3369157
מאנטעווידעא	3441575
דענווער	5419384
קעשיניב	-1
בערדיטשוב	712441
ראדאם	760778
יערושאלאים	-1
ליבוי	-1
דרעדזדען	2935022
בערדיטשעוו	712441
טשענסטחאוו	7532537
ביליסטאק	776069
טארנע	757026
ראדום	760778
לאמזע	766027
וויילנא	593116
באסטאן מאס	4930956
באלחוב	711850
פאשאני	3060972
בענדער	-1
לאנדון	2643743
לאז אנדזשעלעס	-1
קאצק	768861
לאס אנדשזעללעס	-1
בוטשטאט	-1
סעינט פאול מינג.	-1
מאהלעוו פאד	-1
באזעל	-1
אלעקסאנדריע מצרים	347342
אלעקסאנדריא	347342
פהילאדעלפיא	-1
בועניאס-איירעס	3435910
מלאווא	-1
"י""ל מארגענשטערן"	756135
י' גיטלין	756135
נאוואגרודאק	-1
טאראנטא קאנארע	6167865
פרעמישלאן	-1
פריסטיק	-1
קאמענעץ-פאדאלסק	-1
בעלץ	618605
וילנע	593116
סאראטאוו	-1
שיקאגו	4887398
אופי בך	6559110
דיא האאג	2747373
וואלקאוויסק	620391
יעקטארינאסלאוו	709930
יפו תל אביב	-1
פאדגורשע	-1
סינסינעטי	-1
תל-אביב - יפו	-1
יפו תל-אביב	-1
ווילקאווישקי	-1
פטרוקוב	-1
פיעטרבורג	498817
ס' פעטערבורג	498817
ס'-פעטערבורג	498817
קבנא	598316
רדלהיים	-1
דאנציק	3099434
אנווערס	2803138
"באלטימאר מ""ד"	4347778
טוקומאן	-1
באקו	-1
קאוונאס	598316
פאלעסטינע	-1
יעקאטערינאלאוו	709930
בירעבידזאנ	-1
קאנין	-1
פעטערסאן	-1
קיעעו	703448
קיעו	703448
ל' גערשעל	-1
פראנקאפורט דאדר	2925535
נייאוויד אם רהיין	2863840
הומעננע	-1
פערעיאסלאוו	-1
לטביה	-1
האאג	2747373
קרעמעניץ	-1
פשעמשעשל	761168
מוסקווה	524901
איישישאק	599614
ווילמינגטאן	-1
פשעמשיל	761168
"ס""ט פעטבורג"	498817
ראם	593116
סאנטיאגא דע טשילע	-1
פאלטאווע	696643
פעטרגראד	498817
ריא דע זשאנעירא	-1
ריא דע זשנעירא	-1
יעקטערינאסלאוו	709930
קיייוו	703448
סטאניסלאוו	707471
דינאבורג	-1
קוטנא	3094170
לאשצב	-1
פאדגורזשע	-1
מאנטריעאל	6077243
זלאטשאוו	686896
קעדאיניאי	598272
זיטמאיר	-1
סימפעראפאל	693805
יענא	2895044
אליקא	-1
ברידטשוב	712441
אקראן	-1
מקנאס	2542715
מאקאוו	-1
נדבורנא	700507
קאירה	360630
צינצינאטי	-1
הענווא	-1
ווילמרש דורף	-1
"פראנקפורט ע""נ"	2925533
זיטמיר	-1
תל אביב?	-1
גינובה	-1
עכו	295721
פ'ליפפופולי	728193
יוזעפעף	-1
צ'נסטוכוב	7532537
ניקלשבורג	3070720
מארראק'יס	6547285
קוסטאנטינופלה	-1
בראנקס	-1
סופייאה	727011
וויען אונד בודאפעסט	3054643
לוזן-ברלין	-1
סמירנה	311046
קעזמארק	724503
מאזעסוויל	-1
אויפשט	-1
טאשנאד	-1
נ. י.	-1
אסטראווא	-1
פשמשיל	761168
פרדס חנה	-1
עין החורש	-1
רחבות	-1
פראג אונד ברעסלויא	3081368
בתלם חצר כנרת	-1
יבנאל	-1
ברוקלין נ.י.	-1
וואשינגטאן די. סי.	-1
העלסינגפארס	-1
שאוול	-1
ארץ ישראל	-1
יגור	293248
שדה אליהו	-1
עינת	-1
דובלין	-1
דברצן	721472
אירקוטסק	2023469
הולל	-1
זכרון יעקב	-1
קזבלנקה	2553604
נאווהרדק	-1
דפנה	-1
גבת	-1
בואנוס איירס	3435910
דגניה א	-1
גרויסווארדיין	671768
אלעקסאט	-1
יאזלוויץ	-1
גראנינגען	2755251
אשדות יעקב	295624
חרבין	-1
חברון	-1
מדרס	-1
מעזובוז	-1
לאדי	6540114
יבנה	293857
סאקועני	-1
בואנוס אירס	3435910
ארגיל	-1
לוגנסק	-1
מאהליב	-1
פטרסבורג	498817
מולדת	-1
מזרע	-1
לנדסברג	-1
פערנוואלד	-1
מינכן	-1
כפר גדעון	-1
אפטא	763121
ניצנים	294011
נצנים	294011
וישניוביץ	-1
פלעשען	-1
שיבינינגן	2747599
חניתה	-1
מצר	-1
בוריסלב	-1
קרית חיים	-1
קלגרי	5913490
קדימה	-1
סיני	-1
בומביי	-1
קליולנד	-1
אוסטריה	-1
רמלה	-1
בלצי	618605
בלצה	618605
איראן	112931
גדות	-1
כפר המכבי	-1
גבעת חיים	-1
עדענבורג	3045190
הקריה	294875
פונה	-1
סאסנאווצע	-1
גריבה	-1
מכסיקו	3530597
נאשעלסק	-1
סלבקוב	-1
פאביאניץ	-1
יסי	-1
עפולה	-1
בוברויסק	630468
פרנולד	-1
בוגוטה	-1
אביחיל	-1
שריד	-1
טנהויזן	-1
ווינדסהיים	-1
פראנקפורט דאודר	2925535
ברטיסלבה	3060972
ניצא	2990440
רמת הכובש	-1
שמיר	-1
סמרגון	-1
איכנהויזן	-1
פרוסטיץ	3067421
גוטבורג	2711537
ביינא	-1
"כפר חב""ד"	-1
גלייוויץ	-1
לישבואה	2267057
חלב	-1
צפרו	-1
קוסטא	-1
טיענצזין	-1
שומלה	-1
אלומות	295708
הבונים	-1
וויסבאדן	2809346
לינץ	-1
כזבלנכה	2553604
תל יוסף	-1
תל יצחק	-1
אוגסבורג	-1
סאן פאולו	-1
סדום	-1
שארוואר	-1
פולדא	2923822
תל אל כביר	-1
קפואה	3180601
תל קציר	-1
הר הכרמל	-1
כפר רופין	294516
ברוסה	-1
הסוללים	-1
כפר מסריק	-1
מחנים	294384
ניר דוד	-1
כפר יחזקאל	-1
עין שמר	-1
קייוסטינדיל	-1
לוזן	2659994
אצפהאן	418863
סלוניקי	734077
פינטשוב	762201
קאנישא	-1
בזל	-1
נחל שורק	-1
אופיר	-1
בשן	-1
חורב	-1
לבנון	-1
שעיר	-1
פלשת	-1
שכם	-1
חריבה	-1
כחלת	-1
עצלה	-1
סככה	-1
יריחו	-1
דוק	-1
כוזבא	-1
אחזר	-1
קדרון	293852
נטף	-1
חורון	-1
קובעה	-1
גריזים	-1
ברוך	-1
רעמסס	-1
סכות	-1
אתם	-1
גשן	-1
עילם	-1
אדום	-1
לד	-1
אפריקי	-1
נילוס	-1
קפיטולין	-1
ארנון	-1
חירות	-1
מגדול	-1
פיתום	-1
קטרון	-1
מוריה	-1
עזה	-1
צר	-1
כנען	-1
ירדן	-1
מוסרה	-1
כוב	-1
מרה	-1
חצרות	-1
מסה	-1
מריבה	-1
קיסריון	-1
פניס	-1
גלעד	-1
עמרה	-1
נסי	-1
מדין	-1
אמאוס	-1
יהודה	-1
רפידים	-1
שילה	-1
תבור	-1
כרמל	-1
אספמיא	-1
לדקיא	-1
מואב	-1
עיבל	-1
פרת	-1
חרן	-1
סכנין	293655
קיסרין	-1
צידון	-1
אסיא	-1
צפורי	-1
אנטוכיא	323779
ערב	-1
סוריה	-1
סמבטיון	-1
שיחין	-1
קבריאל	-1
תואי	-1
אובל	-1
חדקל	-1
תרבקנא	-1
כבר	-1
נינוה	-1
שטים	-1
גליל	-1
ברבריה	-1
קלבריה	-1
מסופוטמיה	-1
תבאיס	-1
סוסיתא	-1
קציא	-1
אבליעה	-1
קרדניא	-1
ערבו	-1
גנזק	-1
מדי	-1
מזגה	-1
ערביא	-1
מקדוניה	-1
איסוגיא	-1
איסונא	-1
פרס	-1
תרקיה	-1
אסיה	-1
חדיב	-1
גרמנקיא	-1
הלס	-1
טרסיס	299817
דרדניא	-1
אדסה	-1
נציבין	-1
אקטספון	-1
רסן	-1
ארקא	-1
ארוד	-1
חמץ	-1
פיפניא	-1
קלרהי	-1
חצרמות	-1
משא	-1
בורסיף	-1
עי	-1
קדש	-1
חצור	-1
חמת	-1
שנער	-1
אלסר	-1
אליותרופוליס	-1
פארן	-1
ממרא	-1
צדק	-1
קרתגו	-1
חלוצה	-1
בטנה	-1
סין	-1
אלוש	-1
גליה	-1
צער	-1
גרר	-1
גרריקי	-1
גלגל	-1
נב	-1
גבעון	-1
יון	-1
יראה	-1
שלם	-1
תדמור	-1
טריא	-1
אשכול	-1
דור	295317
דנה	-1
ממלח	-1
אנטיפטרס	-1
דרום	-1
גבעה	-1
ביתר	-1
צרדה	-1
שושן	-1
קפדקיא	-1
לוז	-1
גיחון	-1
בקע	-1
גדורה	-1
חגר	-1
סימוניא	-1
אפרת	-1
בצרה	-1
תמנה	293390
עפרים	-1
פניקיה	-1
פלסטיני	-1
נא	-1
גרס	-1
צנברי	-1
זבוד	-1
אכסלו	-1
יזרעאל	-1
תנעם	-1
נעים	-1
לחי	-1
מכתש	-1
גניסר	-1
אטד	-1
דן	295356
אשור	-1
שומרון	-1
רמה	-1
אשדוד	-1
עקרון	-1
דותן	-1
נרות	-1
עמון	-1
שילוח	-1
חבתא	-1
אושא	-1
פונטוס	-1
בנימין	-1
ידפת	-1
גמלא	-1
גדור	-1
חדיד	-1
אונו	-1
מחוז	-1
סבסטי	-1
שטה	-1
צלמונה	-1
פרוחא	-1
אילים	-1
תרצה	-1
חלח	-1
חבור	-1
גוזן	-1
כוש	-1
מצפה	-1
זפרין	-1
מודיעין	-1
ערד	-1
בורו	-1
אכיה	-1
אולם	-1
חדרך	-1
מנוחה	-1
חשבון	-1
עשתרות	-1
חרמה	-1
אשקלון	295620
פעור	-1
ישראל	-1
צופים	-1
ארם	-1
כזיב	-1
געתון	-1
כברתא	-1
עיתא	-1
ממציא	-1
עכתא	-1
כורי	-1
יתר	-1
אבצל	-1
ברעשתא	-1
לולא	-1
מסב	-1
ספנתא	-1
עיון	-1
יקנת	-1
רקם	-1
טרכונא	-1
יבקא	-1
זרד	-1
סכותא	-1
נמרים	-1
זיזא	-1
גיאה	-1
פטולמאיס	-1
גמר	-1
מגוג	-1
תובל	-1
מאוריטניה	-1
טבעון	293823
עברים	-1
נבו	-1
פסגה	-1
סופני	-1
שוכו	-1
זנוח	-1
פתגתא	-1
פלגתא	-1
שאב	-1
צרעה	293025
אשתאול	-1
ענתות	-1
אבלין	-1
דפני	-1
כבול	-1
שרון	-1
חפר	-1
ישימון	-1
סרונגין	-1
יובל	-1
נהרדעא	-1
ציתור	-1
קעילה	-1
נוה	-1
נטופה	-1
ישוב	-1
פטרס	-1
רגב	-1
מרון	-1
עזקה	-1
פיגא	-1
אמנה	-1
קפלריא	-1
ערדסקס	-1
צור	-1
צייר	-1
גשמי	-1
זיזון	-1
דנב	-1
שצת	-1
בצת	-1
חניתא	-1
אמון	-1
מזי	-1
עינוש	-1
דמבר	-1
יערוט	-1
חספיא	-1
כור	-1
תפניא	-1
מספר	-1
עולשתא	-1
קנת	-1
רפיח	-1
קיליקיה	-1
גדרה	-1
דיבון	-1
רמתא	-1
טובינא	-1
אבל	-1
תקוע	-1
אריח	-1
יאני	-1
אימה	-1
רכפא	-1
מזגא	-1
מגדל	294214
גדר	-1
טרפליס	-1
חקר	-1
סרטבא	-1
גרפינא	-1
חורן	-1
עפל	-1
בירי	-1
חופה	-1
פקיעין	295379
צלצח	-1
רמון	-1
גלים	-1
קטנתא	-1
סמכו	-1
בצר	-1
רמות	-1
גולן	-1
גדיא	-1
ארני	-1
מכמס	-1
כרזין	-1
שלומי	293522
נמרי	-1
ברתותא	-1
בדן	-1
עזני	-1
דמין	-1
לבנן	-1
נגב	-1
תרעין	-1
צלמין	-1
עיתלו	-1
שפרעם	-1
גת	-1
אררט	-1
מף	-1
לוב	-1
תחפנחס	-1
סור	-1
יהץ	-1
הרודיס	-1
שיאון	-1
חרמון	-1
שריון	-1
שניר	-1
לוחית	-1
עגלתין	-1
גזר	-1
חרמת	-1
סרמטיה	-1
כוכבא	-1
לאט	-1
נף	-1
ממפיס	-1
חפנס	-1
סרקני	-1
הליופוליס	-1
יהושפט	-1
פילא	-1
סלוקיה	-1
סקיליא	-1
קרקדוניא	-1
הדו	-1
חרת	-1
זיף	-1
ירמוך	-1
קרמיון	-1
מבוא	-1
מלפה	-1
דורא	-1
ציקלג	-1
אדריאס	-1
תפל	-1
אדרעי	-1
יעזר	-1
מרום	-1
גדלי	-1
נפוליס	-1
פישון	-1
ערוער	-1
אתונה	-1
ארמניה	-1
קפריסין	-1
חלמיש	-1
נערן	-1
ביש	-1
גפנא	-1
גבתון	-1
עיטם	-1
פתור	-1
בשור	-1
כשדים	-1
שבא	-1
צען	-1
סונה	-1
גבל	-1
ספרד	-1
צרפת	-1
תוגרמה	-1
אדמה	-1
חלבון	-1
מתנה	-1
תבערה	-1
מלגה	-1
פמארש	-1
אלמריה	2521886
פומבדיתא	-1
סורא	-1
אלבוס	-1
סביליה	-1
אנדלוסיה	-1
לוסנה	6357233
דניה	-1
מחסיא	-1
תאכרנה	-1
מורון	-1
פלגנה	-1
אסיחה	-1
רונדה	-1
ריה	-1
ינוח	-1
אוסונה	-1
קורדובה	2519240
פרפר	-1
אסטפה	-1
אובדה	-1
לורקה	-1
באלס	-1
אנתקירה	-1
חוילה	-1
ארח'ונה	-1
שמנתאן	-1
מיפעת	-1
שיחור	-1
חניל	-1
חאן	-1
מונייקר	-1
אגלים	-1
ספרוים	-1
שערים	-1
מרתים	-1
יגבהה	-1
בזק	-1
טלאים	-1
קישון	-1
בעז	-1
יכין	-1
לחלח	-1
כלח	-1
עשק	-1
שטנה	-1
חנס	-1
פתרוס	-1
נוד	-1
לארדה	-1
מגרון	-1
נטעים	-1
אורלאן	-1
טור	-1
רקת	-1
קביה	-1
צריתא	-1
הוצל	-1
טנס	-1
נהרים	-1
צלע	-1
דימון	-1
כתפי	-1
ניות	-1
תרשיש	-1
תימן	-1
מרוז	-1
לכיש	-1
מרשה	-1
מחוזא	-1
גרב	-1
קירואן	-1
יבוק	-1
ארבאל	-1
גותיא	-1
פלואיס	-1
דורמיס	-1
רבלה	-1
אימים	-1
צנעא	-1
גולגל	-1
אע'לב	-1
קמוניה	-1
פסטאט	360630
אנטליה	-1
תניס	-1
דמיאט	358048
צהרגת	-1
רום	-1
מריוט	-1
ברני	-1
ששך	-1
פו	-1
אוריה	-1
גאטה	-1
בנונטו	-1
ונוסה	-1
אוטרנטו	-1
אפוליה	-1
בוקלאון	-1
ברי	-1
פויה	-1
טרנטו	3165243
סיציליה	2523119
בבילון	-1
אמלפי	-1
נרבון	2990919
אנקונה	6542126
פלרמו	2523920
לומברדיה	-1
שור	-1
עדלם	-1
ארפד	-1
רכל	-1
יבנית	-1
נצרת	-1
פנואל	-1
הרא	-1
יהוד	-1
מעזיה	-1
מדמנה	-1
סנסנה	-1
סלא	-1
פרוים	-1
לוד	-1
פדן	-1
שבע	-1
נחליאל	-1
שונם	-1
ענם	-1
חם	-1
צין	-1
רמתים	-1
גלבע	-1
עפר	-1
יבוס	-1
משרקה	-1
דנהבה	-1
עוית	-1
פעו	-1
און	-1
עמק	-1
צלמון	-1
לשם	-1
מעריה	-1
מפשטה	-1
עילבו	-1
קנה	-1
מגדו	-1
לבן	-1
אופז	-1
מנית	-1
דמסית	-1
מידבא	-1
מכור	-1
צבועים	-1
תפוח	-1
געש	-1
חסר	-1
סרת	-1
מהנהי	-1
סרסן	-1
ארודין	-1
בארי	-1
טורוס	-1
תרען	-1
לכה	-1
שבעה	-1
בארות	-1
מלכה	-1
בוז	-1
חדשה	-1
אטיקה	-1
מרטיס	-1
רוסנו	-1
תיגולא	-1
פרחו	-1
אהוא	-1
צאנן	-1
חנוך	-1
אפטלופון	-1
סלנטו	-1
בריה	-1
שטרוגליון	-1
אשיניאד	-1
אסטרובילון	-1
פרוצפיה	-1
תפסח	-1
פרקונסין	-1
כפתור	-1
אזניה	-1
איממה	-1
מכה	-1
סליתי	-1
סן	-1
ריפתניא	-1
לואר	-1
איטיל	-1
דנובה	-1
יוניה	-1
כ'ראסאן	-1
טוסקנה	-1
גורגן	-1
יוב	-1
ספטימו	-1
טיצינו	-1
רון	-1
רינוס	-1
קמפניה	-1
טיבר	-1
דנמרק	-1
סבינו	-1
פוצימגנא	-1
פורטו	-1
אלבנו	-1
אריצה	-1
סרדיניה	-1
אסטורה	-1
גנובה	-1
כתים	-1
גוקר	-1
אמבואז	-1
סורנטו	-1
נפולי	3172394
אחמתא	-1
אאופידוס	-1
קנוסה	-1
קספין	-1
עפרון	-1
סקיתופוליס	-1
לישה	-1
דגון	-1
ליקו	-1
שמגן	-1
חברה	-1
שרשן	-1
סכתן	-1
דיון	-1
חשמון	-1
אפולוניה	-1
אנתדון	-1
רינוקורורה	-1
חורונים	-1
מיגה	-1
אולן	-1
פחל	-1
גרש	-1
קפירון	-1
דלון	-1
אלכסנדריון	-1
קוס	-1
פלוסין	-1
דלתא	-1
פיליפי	-1
אפסוס	-1
בריטניה	-1
הרודיון	-1
ברינדיזי	-1
מצדה	-1
אקטיון	-1
הורקניה	-1
לקדימון	-1
כספיה	-1
פקטולוס	-1
סירטס	-1
כרתים	258763
בוספורוס	-1
קדיס	-1
זבולון	-1
אשכנז	-1
סקסוניה	-1
סקוטלנד	-1
אילת	-1
לגריס	-1
כפיתור	-1
ניקופוליס	-1
הרקליופוליס	-1
אילון	-1
אנטוניה	-1
רומניא	-1
אדם	-1
צרתן	-1
סרקא	-1
מחולה	-1
ארחמו	-1
חצפית	-1
ביזנטיון	-1
קידנוס	-1
בקטריה	-1
בוטיה	-1
אולינתוס	-1
מיאוטיס	-1
לוקריס	-1
אגריגנטו	-1
טיגריס	-1
סטרנגה	-1
פרסיאקן	-1
אוקסידרקס	-1
סמירמיס	-1
אטלנטה	-1
דמטריה	-1
פרוס	-1
מסינה	-1
סירקוזה	-1
ביתיניה	-1
ניקומדיה	-1
קלמגנוס	-1
אורונטס	-1
גלטיה	-1
פומפי	-1
אלבניה	-1
איבריה	-1
קולוסאי	-1
קרינין	-1
קנטבריא	-1
טאורומניון	-1
טינדריס	-1
יעבץ	-1
תימא	-1
צבויים	-1
בירה	-1
חובה	-1
והב	-1
סופה	-1
גשור	-1
כות	-1
קרדו	-1
ראי	-1
מלונטי	-1
בתוליא	-1
קומון	-1
קדמות	-1
גירא	-1
שכנציב	-1
שבמה	-1
עזהר	-1
קיר	-1
פס	-1
גרמית	-1
סבא	-1
הרמן	-1
דולים	-1
אהרסן	-1
ססוניה	-1
גוציא	-1
פנטפוליס	-1
אנגליה	-1
מונקך	-1
נפרי	-1
גורו	-1
רדוניה	-1
אוסיה	-1
טלקי	-1
אלמניה	-1
חלחול	-1
עלמון	-1
גיחור	-1
חלון	-1
נאוסא	-1
הגינה	-1
שוירי	-1
קדר	-1
דומה	-1
כלנה	-1
יראון	-1
מקץ	-1
פוט	-1
עית	-1
סנה	-1
שבם	-1
נמרה	-1
עטרות	-1
עיה	-1
מכבנה	-1
נערה	-1
בוצץ	-1
געה	-1
אלף	-1
אלקוש	-1
מתקה	-1
עמעד	-1
אכד	-1
אבץ	-1
דלען	-1
תיץ	-1
כסולות	-1
מעון	-1
חילם	-1
תראלה	-1
דבשת	-1
מרעלה	-1
ענניה	-1
כון	-1
טבחת	-1
ירואל	-1
אפרים	-1
צמרים	-1
עדיתים	-1
חלתא	-1
קבצאל	-1
נעיאל	-1
לשע	-1
טבת	-1
כרית	-1
פולין	-1
כסלון	-1
רוסיה	-1
שכרונה	-1
עלטה	-1
אמריקה	-1
אכזיב	-1
אכזיבה	-1
חסדיה	-1
סבסטופול	694423
אירופה	-1
אפריקה	-1
מיסיסיפי	-1
הולנד	-1
וולין	-1
טטרב	-1
קבציאל	-1
בטלון	-1
קליבן	-1
בובריק	-1
יהופיץ	-1
סרחון	-1
דלפונה	-1
קוקז	-1
שוייץ	-1
טטרבקה	-1
טונידבקי	-1
פרוסיה	-1
מרוקו	-1
גליציה	-1
שטטין	-1
חרסון	-1
ארגנטינה	-1
וייקסל	-1
אמזונס	-1
מוקדון	-1
אינדיה	-1
ברוטי	-1
ניסבון	-1
פרוט	-1
טודלה	6359779
אברו	-1
פרדון	-1
פרדיונה	-1
קבצנסקי	-1
גלינק	-1
חלם	774558
אקרמן	-1
ירמוליניץ	-1
שרוגרד	-1
גרידינג	-1
ברשיד	-1
סיביר	-1
קישינב	-1
בלטה	-1
דניפרון	-1
פלדקירך	-1
רומניה	-1
קפוליה	-1
הינדיקי	-1
טימקוביץ	-1
מיר	-1
שריגרוד	-1
קבצנסק	-1
ברדיצ'ב	712441
שנפפנטל	-1
גטינגן	2918632
בולוניה	3181928
שודיה	-1
קנריים	-1
נורוגיה	-1
הרקולנאום	-1
טובולסק	-1
גנגס	-1
סהרה	-1
נוביה	-1
אביסיניה	-1
אינדוס	-1
אלזס	-1
לותרינגיה	-1
בורגונדיה	-1
נורמנדיה	-1
איסלנד	-1
מורביה	-1
איליריה	-1
מלקה	-1
יפן	-1
גרנלנד	-1
גינאה	-1
מדגסקר	-1
בורניאו	-1
סלבס	-1
פרו	-1
גוינה	-1
פרגוי	-1
פומרון	-1
קרטח'נה	-1
סומטרה	-1
הול	2645425
אורניה	-1
קונגו	-1
אנגולה	-1
בנגל	-1
ימונה	-1
גיברלטר	-1
גמביה	-1
הרמפוליס	-1
קין	-1
אוסטרליה	-1
צילון	-1
אורינוקו	-1
ברזיל	-1
אורל	-1
פלסטינה	-1
יניסי	-1
שלזיה	-1
מקלנבורג	-1
תורינגיה	-1
בוריה	-1
מגדבורג	-1
לנה	-1
כינא	-1
גראובינדן	-1
ולה	-1
סבויה	-1
קרנטן	-1
טירול	-1
קרפטים	-1
פירנאים	-1
אלפים	-1
בוהמיה	-1
גוטה	-1
קובורג	-1
ורמלנד	-1
קמצ'טקה	-1
נומידיה	-1
מיזורי	-1
קליפורניה	-1
צ'ילה	-1
סונדה	-1
שפיצברגן	-1
הדסון	-1
דרזדן	2935022
דון	295356
דניסטר	-1
יוה	-1
קנדה	-1
וירגיניה	-1
קורילים	-1
ברינג	-1
פרנקרייך	-1
מקסיקו	-1
מונטוידיאו	3441575
קונסטנטינופול	-1
סנסוסי	-1
קריבים	-1
מונטלימר	-1
גוטהרד	-1
צוג	-1
אלטרליין	-1
אודר	-1
קולופון	-1
ליקיה	-1
טורן	-1
פוטסדם	2852458
לודויגסבורג	-1
ריין	-1
אוקראינה	-1
קולומביה	-1
גריכנלנד	-1
מוזמביק	-1
קורדופן	-1
וולגה	-1
בייקל	-1
אלאוטים	-1
הימליה	-1
דונגולה	-1
טאור	-1
תבי	-1
אכלואוס	-1
אקרנניה	-1
חוזיסטן	-1
בלוציסטן	-1
גוגרט	-1
צ'ד	-1
קסל	2892518
פודור	-1
קונסטנטין	-1
ויימר	-1
אוב	-1
אירקוצק	2023469
אמור	-1
קוריאה	-1
מנצ'וריה	-1
טיבט	-1
נפל	-1
סרינגפטם	-1
קמביי	-1
פקין	-1
גובי	-1
שנשי	-1
סיאם	-1
אדינבורג	2650225
פרנה	-1
פרננדו	-1
בואנונטורה	-1
אנדים	-1
ארל	-1
אנגורה	323786
וילז	-1
מדריד	-1
אורון	-1
דיויס	-1
גורגיה	-1
שנברון	-1
זלצבורג	2766824
פנסילוניה	-1
ונסן	-1
קטונגה	-1
שלזויג	-1
הולשטיין	-1
דונאו	-1
אלבה	-1
פינלנד	-1
בורבי	-1
לברדור	-1
טוקומן	-1
בליארים	-1
אסם	-1
ארביל	-1
הינדוסטן	-1
פגו	-1
אוה	-1
לאוס	-1
קמבודיה	-1
ניגר	-1
ורסיי	-1
ארקדיה	-1
פלטה	-1
טנריפה	-1
טטריה	-1
כ'יבר	-1
פלמירה	-1
חג'אז	-1
אנטוליה	-1
חיוה	-1
בוכרה	1217662
בילמה	-1
גליסיה	-1
אסטוריה	-1
קורסיקה	-1
פונטנבלו	-1
סנגל	-1
טימבוקטו	2449067
דרפור	-1
סנר	-1
סואץ	-1
נגד	-1
אורנבורג	-1
קיחטה	-1
סודן	-1
ברבר	-1
עמאן	-1
מדינה	-1
אפגניסטן	-1
הורמוז	-1
תבריז	-1
סמיפלטינסק	-1
פטגוניה	-1
קורדילירים	-1
טונקין	-1
סטוקהולם	2673730
לפלנד	-1
אוסטרובניה	-1
קופרמיין	-1
מריצבורג	-1
וסטפליה	-1
בראונשוייג	2945024
טטרה	-1
ברנינה	-1
אנגדין	-1
רייכנהול	-1
טאורוס	-1
אימאוס	-1
סימפלון	-1
קשמיר	-1
סרדיס	-1
מונבלן	-1
אלטאי	-1
אטלס	-1
לינבורג	-1
לסטר	-1
לינקולן	-1
הונגריה	-1
ולכיה	-1
קסטיליה	-1
ארגון	-1
אסטרמדורה	-1
שטוטגרט	-1
סנדויץ	-1
טורקיה	-1
מולדויה	-1
טגנרוג	-1
פינמרק	-1
נורתמברלנד	-1
צ'ילינגהם	-1
אוטרכט	2745912
פודוליה	-1
פורטוגל	-1
תסליה	-1
הורודנה	627904
רוקי	-1
קרלטן	-1
ביגהורן	-1
ילוסטון	-1
בלט	-1
יוטלנד	-1
פינן	-1
פומונה	-1
טימור	-1
סונדים	-1
גודהבן	-1
בפין	-1
קורילה	-1
לופטקה	-1
קונספסיון	-1
נרש	-1
גרנדה	-1
יורה	-1
מסקרנים	-1
בורבון	-1
מאוריציוס	-1
רודריגז	-1
אופולו	-1
טהיטי	-1
סטיוארט	-1
זילנד	-1
פומרניה	-1
טולון	-1
מינורקה	-1
מדירה	-1
פיליפינים	-1
גלפגוס	-1
פוקלנד	-1
מלבר	-1
לימה	-1
צרלסטון	-1
המסטד	-1
טאורים	-1
אונטרולדן	-1
מיינץ	-1
מלטה	-1
פלנדריה	-1
בדפורד	-1
לופוטים	-1
מצוע	-1
אלבינג	-1
אפנינים	-1
טרינידד	-1
מרילנד	-1
פפואה	-1
באיה	-1
לואיזינה	-1
קרוליינה	-1
אוהיו	-1
אילינוי	-1
אירי	-1
מולוקים	-1
טרנקובר	-1
לוזון	-1
גומרה	-1
פלימות	-1
קולכיס	-1
אירלנד	-1
אנהלט	-1
דרונטהיים	-1
קפרי	-1
ברצלונה	3128760
טרגונה	3108288
פרובנס	-1
מוריאה	-1
סרביה	-1
בוסניה	-1
אלפו	-1
בלגיה	-1
הרלם	-1
קנטקי	-1
פשט	-1
זמלין	-1
דלפט	2757345
מנזלה	-1
מלואינים	-1
ארקדים	-1
סקנדינביה	-1
אוקלנד	-1
בנט	-1
קורלנד	-1
קאיסטר	-1
פניוס	-1
קפיטול	-1
נורדלנד	-1
מליא	-1
גלוגאו	-1
כנרות	-1
אנסבך	-1
פטרבורו	-1
דלמציה	-1
מין	-1
קמבריג	-1
בלמונט	-1
אסקיבו	-1
פלורידה	-1
ניגרה	-1
בנטם	-1
גמייקה	-1
קולומבו	-1
חרטום	-1
אלפנטינה	-1
מגדלנה	-1
מרטיניק	-1
ארכאנגלסק	-1
אמבוינה	-1
מריאנה	-1
טרק	-1
סירפה	-1
איסטריה	-1
סורינם	-1
אפידאורוס	-1
דניפר	-1
גורגטאון	-1
ניפון	-1
אדלסברג	-1
קרלסבד	-1
קנדיה	261745
אולימפוס	-1
פררה	-1
קלן	2886242
אולביה	-1
בוג	-1
פנטיקפיאון	-1
קרץ'	-1
כרסונסוס	-1
קורסון	-1
טנאיס	-1
אילמן	-1
צ'וד	-1
פריפט	-1
דוינה	-1
סמולנסק	491687
פולוצק	-1
נובגורוד	519336
וולחוב	-1
צרגרד	-1
קיובץ	-1
נימן	-1
קמה	-1
בירמיה	-1
בלנג'ר	-1
בלואוזרו	-1
איזבורסק	-1
קורוסטן	-1
פריסלבץ	-1
בולגריה	-1
דורוסטול	-1
סיליסטריה	-1
אוברוץ'	-1
מורום	-1
ברסטובו	-1
אלטה	-1
יוריב	-1
ירוסלבל	-1
צ'רניגוב	-1
פריסלב	-1
ולדימיר	-1
טמוטרקן	-1
ריזן	-1
ליובץ'	-1
בלגורוד	-1
זדויז'ן	-1
ויטיצ'ב	-1
סאל	-1
קליזמה	-1
סוזדליה	-1
רוסטוב	-1
סוזדל	-1
פריסלבל	-1
אוקה	-1
בוגוליובוב	-1
סורסק	-1
דסנה	-1
סים	-1
סטרודוב	-1
פוטיבל	-1
קורסק	-1
ברינסק	-1
קולומנה	-1
פרונסק	-1
פרוניה	-1
ברזינה	-1
ויטבסק	620127
טורופץ	-1
ויזמה	-1
מוז'ייסק	-1
טורוב	-1
הליץ'	-1
טרבובליה	-1
זוניגורוד	-1
לדוגה	-1
רוסה	727523
לוקי	-1
טורז'וק	-1
פסקוב	-1
ויטקה	-1
ח'לינוב	-1
ליווניה	-1
דרפט	-1
אודנפה	-1
קוליון	-1
רול	588409
קלקה	-1
סיט	-1
מולוגה	-1
קוזלסק	-1
אח'טובה	-1
סריי	-1
קזן	-1
פצ'רסק	-1
קילה	-1
קרנוה	-1
ויליה	-1
נובוגרודוק	-1
וורסקלה	-1
טננברג	-1
מוהילב	-1
מלניקי	-1
פודולסקי	-1
ברטנורה	-1
אנגליטרה	-1
קרמניץ	-1
מונגוליה	-1
וליס	-1
לקוניה	-1
סטנוב	-1
בוצ'ץ'	-1
גמזו	-1
פיליפו	-1
אטנה	-1
הקלה	-1
וזוב	-1
צ'ימבורסו	-1
דובר	-1
קלה	-1
מזריץ	-1
ליזנסק	766332
צ'רנוביל	-1
פשוורסק	-1
רשקוב	-1
נמירוב	-1
מז'יבוז'	-1
סלויטה	-1
קורדון	-1
פולשטין	-1
סמביר	694864
בלזיץ	-1
זלוזין	-1
לשצ'וב	-1
ליטין	-1
קופוסט	-1
הניפולי	-1
זלוצ'וב	-1
דישפול	-1
קוטב	-1
טולצין	-1
קרסני	-1
זורובנה	-1
פילז	-1
גלץ	677697
כוזר	-1
בלז	712471
ברצלב	-1
בערליין	-1
בריקס	-1
אבדרי	-1
קמינקה	-1
קריבוש	-1
ברהין	-1
קולומיאה	-1
ברסלאו	-1
צ'יצ'לניק	-1
לדיזין	-1
חמלניק	-1
דרזנה	-1
פבליץ	-1
בר	-1
טרצין	-1
טומשפולי	-1
הורוחוב	-1
חוסטוב	-1
רובנו	695594
לטישוב	-1
לודמיר	-1
קוסוב	704764
ז'ולקוה	-1
קוריץ	-1
מריפולי	-1
הורודנקה	-1
קורוסטישיב	-1
ויניצה	-1
טאורוגן	-1
קליש	3096880
מיקוליב	-1
אוליק	-1
פודהייץ	-1
בוסק	-1
גרפנברג	-1
לינל	-1
חרס	-1
קונסטנצה	-1
מוזל	-1
טילזיט	-1
אורטלסבורג	-1
יוהנסבורג	-1
ליונה	-1
ליון	2996944
דייטשלנד	-1
טורון	-1
בריזן	-1
ברטנשטיין	-1
ממל	598098
בורדו	3031582
ננסי	-1
קולמר	3024297
ביון	-1
מרסי	-1
נידרלנד	-1
פוזנן	-1
ברנדנבורג	-1
פרגל	-1
בראונסברג	-1
גובר	-1
אילאו	-1
היילסברג	-1
אלנשטיין	-1
אלנבורג	-1
וורמדיט	-1
אוסטרודה	3089779
אינסטרבורג	-1
אינסטר	-1
גולדפ	-1
אנגרבורג	-1
מילהאוזן	-1
טריסט	-1
סרי	-1
דירשאו	-1
שטרגרד	-1
נוישטט	-1
ריזנבורג	-1
רוזנברג	-1
גולוב	-1
ברומברג	-1
ורטה	-1
רויץ	-1
ליסה	3093524
גנזן	-1
שניידמיל	-1
שפרה	-1
הפל	-1
שפנדאו	-1
שרלוטנבורג	-1
רטנאו	-1
פרנצלאו	2852218
הפלברג	-1
פרלברג	-1
קיסטרין	-1
נייסה	-1
אונטרבורג	-1
פטרופבלובסקיה	-1
ויטנברג	-1
וילדבד	-1
מיין	-1
גולנברג	-1
ריגנולד	-1
ויפר	-1
שטרלזונד	-1
גריפסולד	-1
ריגן	-1
ברגן	-1
זילברברג	-1
שויידניץ	-1
וייסטריץ	-1
רייכנבך	-1
ולדנבורג	-1
אופלן	-1
רטיבור	3087584
גליויץ	3099230
הירשברג	-1
בובר	-1
גרליץ	2918987
בונזלאו	-1
גרינברג	-1
גולדברג	-1
לנדסהוט	-1
שולי	-1
סלנט	-1
רסיין	864492
פלונגיאן	-1
סקולי	-1
סקליט	-1
ניצה	-1
ביליץ	-1
פלורנץ	3176959
קונסטנטינוגרד	-1
פאודוסיה	-1
אכן	-1
אירטיש	-1
טומסק	-1
מיילנד	-1
ושינגטון	-1
קנטון	-1
כינזיה	-1
הרט	-1
קבול	1138958
ליבאו	-1
אוליאובורג	-1
הלסינגפורס	-1
מוצול	-1
אלמה	8072853
קנדהר	-1
בושהר	-1
ברמינגהם	-1
קובה	-1
קורומן	-1
נגמי	-1
לואנדה	-1
קלימנה	-1
זמבזי	-1
נאבלס	-1
סובלק	-1
קרלסרואה	2892794
פולדה	2923822
סימפרופול	693805
ז'גור	-1
קטוביץ	-1
ליבק	-1
שורין	2834282
אלדנבורג	-1
נובואלכסנדרובסק	-1
טפליצה	3064288
קרלין	-1
פינה	-1
טילרי	-1
וילקומיר	593733
ארד	3053281
רג'ו	-1
אכטיאר	-1
בח'צ'יסריי	-1
ילטה	-1
כפא	-1
פרקופ	-1
מליטופול	-1
יבפטוריה	688105
גוזלו	-1
רדקליף	-1
בטויה	-1
וישוגרוד	754451
סיטי	-1
לומז'ה	-1
קיל	-1
הרבורג	-1
קיסינגן	-1
טירספול	-1
רושפור	-1
ונצואלה	-1
מרינבד	-1
אוסבורן	-1
יסברני	-1
נודיקרש	-1
קצקמט	-1
סגד	-1
טריר	2821164
קובלנץ	2886946
קרפלד	2884509
נובורוסיסק	-1
בסרביה	-1
בורבסק	-1
פילניץ	-1
פינפקירכן	-1
תוניסיה	-1
הינדו	-1
ברדינסק	-1
קומפין	-1
מכתב	-1
דלהי	-1
אגרה	-1
גראודנץ	-1
ויסלה	-1
קרונשטט	-1
פטרהוף	-1
ורמדה	-1
פורטיצי	-1
רזינה	-1
פורטסמות	-1
פשור	-1
מרנגו	-1
קנפור	-1
סימלה	-1
ויילבורג	-1
נסאו	-1
אודה	-1
בולגרד	-1
איזמאיל	-1
סורינובקה	-1
בנדרי	-1
להור	-1
לקנאו	-1
טהרן	112931
קוצין	-1
סקירניויצה	-1
איונגורוד	-1
אמין	3037854
פנגב	-1
חצביא	-1
וולוז'ין	-1
הסן	-1
דרמשטט	-1
סנטיגו	-1
אנטילים	-1
יליזוטגרד	-1
אומן	690688
מילווקי	-1
אוליבר	-1
מסתע'אנם	-1
אורן	-1
היידלברג	2907911
ז'נוה	-1
קרמנצוג	-1
אללהאבאד	-1
דיסלדורף	2934246
ארפורט	2929670
נצראבאד	-1
בון	-1
בולקנהיין	-1
כורדיסטן	-1
אופטוב	763121
אלברפלד	-1
אולבני	-1
טלנשטי	-1
פודולסק	-1
חמדן	-1
כרמאנשאה	-1
ייליך	-1
פורבך	-1
מונפרנס	-1
שברשין	-1
נובורוסיה	-1
קלוריה	-1
אוגוסטובסקי	-1
פרמה	3171457
ליכטנשטיין	-1
אוסנבריק	2856883
סינה	-1
אגר	721239
בלקן	-1
רומליה	-1
ריימס	2984114
סקוירה	-1
מקרוב	-1
טלנה	-1
רכמיסטריוקה	-1
טרספול	-1
שדליץ	-1
מירגורוד	-1
קוטאיסי	613607
פלונה	-1
פיליפופול	728193
אדריאנופול	-1
סדיגור	-1
וירצבורג	2805615
עתיקה	-1
איישישוק	599614
וילימפול	-1
מרשלוב	-1
יוקרת	-1
קלם	864505
בוקובינה	-1
רוז'ין	-1
קורלין	-1
סטולין	621277
רייסן	-1
ליובויץ	-1
הורודוק	-1
דוברובנה	-1
וולקוביסק	620391
סורן	-1
שפולא	-1
זלטופולי	-1
וקפילד	-1
מונטנגרו	-1
זמוט	-1
סלובודקה	-1
מטולה	-1
קסטינה	-1
הרטוב	-1
שרונה	-1
חולה	-1
אלטנוילנד	-1
ניידורף	-1
הגר	-1
ברשד	-1
קדרין	-1
צ'ורטקוב	-1
הומל	627907
צמקנט	-1
חודזנט	-1
סורז'	-1
סמצי	-1
קרישצ'טיק	-1
פוליסיה	-1
פסיול	-1
לנציאנו	-1
קולוניה	-1
צריקוב	-1
ז'ידילובה	-1
מוצא	-1
משכנות	-1
קוצק	768861
גזלינקה	-1
שוייצריה	-1
טרסוס	299817
פירשם	-1
שייטניג	-1
אחוה	8072922
מאוריסיו	-1
מנצ'סטר	-1
אוגנדה	-1
סעיד	-1
רומשישוק	-1
פיאטרה	-1
טרנסול	-1
שטייבץ	-1
סלט	-1
ירקון	-1
וינצי	-1
וטיקן	-1
עזובה	-1
שכולה	-1
פלגות	-1
דבשתא	-1
טולנה	-1
גרודנו	627904
דגניה	-1
דקוטה	-1
צ'כוסלובקיה	-1
מר	-1
פיומה	-1
וייטצ'פל	-1
פוצ'פ	-1
טראני	-1
אקוינו	-1
אוטופיה	-1
רוטרדם	-1
אויניון	3035681
זמארין	-1
בלפוריה	295573
הרמוניה	-1
אינדיאנה	-1
נורתמפטון	-1
ויסקונסין	-1
איקריה	-1
טקסס	-1
איווה	-1
וישנקה	-1
אונידה	-1
קולורדו	-1
אסטרו	-1
קריניצה	-1
אופה	-1
פבלובקה	-1
רוז'ני	-1
דומברובן	-1
סטויצישקי	-1
גודוצישקי	-1
סטרובין	-1
נוסקי	-1
סימבירסק	-1
סמולני	-1
שליסלבורג	-1
יורק	-1
פליסינגן	-1
הלה	-1
לינדאו	-1
ברוקן	-1
בלוקסברג	-1
הרץ	-1
פינגל	-1
סטפה	-1
תמזה	-1
למנש	-1
פורמוזה	-1
טרויה	-1
אתיופיה	-1
בנדה	-1
מינגרליה	-1
איידר	-1
אלסטר	-1
מולדאו	-1
למנוס	-1
קליקוט	-1
טובגו	-1
טונגה	-1
שוביה	-1
פרנקוניה	-1
שמפניה	-1
סינזי	-1
קלמיקיה	-1
גיאורגיה	-1
מלדיוים	-1
פולינזיה	-1
הלספונטוס	-1
לודומריה	-1
פפלץ	-1
זיבנבירגן	-1
גנואה	-1
לוקה	-1
רגוזה	2523650
ארכיפלג	-1
מרמרה	-1
דרדנלים	-1
דורו	-1
טחו	-1
גודינה	-1
אלגרוה	-1
ולנסה	-1
ברגנסה	-1
מירנדה	-1
ביירה	-1
קואימברה	8010483
ליסבון	2267057
סטובל	2262963
מקאו	-1
אזורים	-1
פלמים	-1
ניגריציה	-1
ביסקיה	-1
גודלקיויר	-1
בורגוס	-1
טולדו	-1
מנסנרס	-1
אסקוריל	-1
לאון	-1
סלמנקה	-1
בדחוז	-1
מורסיה	2513416
ולנסיה	-1
אליקנטה	-1
קורוניה	-1
ויגו	-1
אווידו	-1
בילבאו	3128026
נורה	-1
פמפלונה	-1
ארגה	-1
סרגוסה	3104324
קטלוניה	-1
מיורקה	-1
פלמה	-1
איויזה	-1
פורמנטרה	-1
מנילה	-1
קרולין	-1
מגלן	-1
לנגדוק	-1
גרון	-1
גסקוניה	-1
סכלדה	-1
סר	-1
מז	-1
ברטניה	-1
ננט	-1
ברסט	-1
רואן	-1
פיקרדי	-1
סום	-1
שרטר	-1
סון	-1
גין	-1
טולוז	2972315
מונפליה	-1
אקס	-1
דופינה	-1
גרנובל	3014728
איזר	-1
דיז'ון	-1
רנס	-1
ליל	-1
דנקרק	-1
הנגאו	-1
קמברה	-1
נמיר	-1
לינויל	-1
לנדאו	-1
בזנסון	-1
פונדישרי	-1
קורומנדל	-1
היספניולה	-1
סלובניה	-1
וזר	-1
לאוזיץ	-1
שטירמרק	-1
גרץ	-1
מור	-1
קלגנפורט	-1
אידריה	-1
אינסברוק	2775220
אין	-1
טרידנטום	-1
זלצק	-1
פסאו	-1
רגנסבורג	2849483
ברכטסגדן	-1
אינגולשטט	-1
נויבורג	-1
וירטמברג	-1
טיבינגן	2820860
הוהנצולרן	-1
קונסטנץ	-1
בודן	-1
מרזבורג	-1
דילינגן	-1
אטינגן	-1
לך	-1
אייכשטט	-1
אלטמיל	-1
לימבורג	-1
ורטהיים	-1
במברג	-1
רגניץ	-1
ביירוית	2951825
קולמבך	-1
ארלנגן	-1
נירנברג	2861650
רוטנבורג	-1
טאובר	-1
וינדסהיים	-1
שויינפורט	-1
זלה	-1
מייסן	-1
פרייברג	-1
חמניץ	-1
צויקאו	-1
פלאואן	2853292
אילם	-1
ינה	2895044
ליינה	-1
ורנינגרודה	-1
מרק	-1
אלטמרק	-1
שטנדל	-1
מיטלמרק	-1
אוקרמרק	-1
אוקר	-1
נוימרק	-1
ברנבורג	2950073
קתן	-1
צרבסט	-1
בלנקנבורג	-1
הילדסהיים	-1
ורנוב	-1
שטרליץ	-1
ויסמר	-1
טרוה	-1
מרבורג	-1
גיסן	-1
לן	-1
וצלר	-1
וורמס	2806142
שפייר	2830582
מנהיים	2873891
נקר	-1
אופנהיים	-1
ליטיך	-1
מינסטר	-1
קלוה	-1
ליפה	-1
וזל	-1
דיסבורג	-1
פריזלנד	-1
אמדן	-1
אמס	-1
מינדן	-1
בילפלד	-1
רונסברג	-1
ברבנט	-1
לובן	3093040
מחלן	-1
חלדרן	-1
גנט	2797656
אוסטנד	-1
מונס	-1
לייטמריץ	-1
זץ	-1
פילזן	3068160
בודוייס	-1
אולמיץ	-1
איגלאו	-1
בזג	-1
ליגניץ	-1
טשן	-1
טרופאו	-1
סודטים	-1
באוצן	2951881
ציטאו	-1
לק	-1
איסל	-1
חרוניגן	-1
ארטוא	-1
לוקסמבורג	-1
אמסטל	-1
דורדרכט	-1
אלקמר	2759899
טסל	-1
מידלבורך	-1
אמרספורט	-1
נימחן	-1
הרלינגן	-1
מסטריכט	2751283
ברבידוז	-1
דמררה	-1
קורסאו	-1
הלוטיה	-1
ברנרד	-1
פורקה	-1
ארה	-1
גרימזל	-1
לוצרן	-1
בריינץ	-1
פריבור	-1
זולותורן	-1
שפהאוזן	2658761
שטנץ	-1
אורי	-1
גלרוס	-1
אפנצל	-1
אדיג'ה	-1
סלרנו	6542117
שנברי	-1
פימונטה	-1
מונפרה	-1
קזלה	-1
מילנו	-1
אדה	-1
מודנה	6541461
ורונה	3164527
טרויזו	-1
דלמטיה	-1
קפלוניה	-1
צנטה	-1
צריגו	-1
ארנו	-1
אברוצי	-1
קיטי	-1
לצה	-1
קלירי	-1
בסטיה	-1
ליפריים	-1
אאולים	-1
וולקנו	-1
סטרומבולי	-1
גורגונה	-1
קומו	-1
מרסיה	-1
המבר	-1
טרנט	-1
קנט	-1
קנטרברי	-1
אסקס	-1
ססקס	-1
צ'יצ'סטר	-1
וסקס	-1
בריסטול	-1
פמברוק	-1
וייט	-1
ניופורט	-1
ג'רסי	-1
גרנזי	-1
מן	-1
סילי	-1
קורנוול	-1
טיי	-1
אורקדים	-1
שטלנד	-1
שנון	-1
לנסטר	-1
דבלין	-1
קונוט	-1
מנסטר	-1
ברמודה	-1
ונרן	-1
וטר	-1
מלרן	-1
אופלנד	-1
אופסלה	-1
גוטלנד	-1
קטגט	-1
אלסינור	-1
פרדריסיה	-1
ויבורג	-1
כריסטיניה	-1
אוסלו	-1
אקרסהוס	-1
כריסטינסן	-1
סטרמה	-1
ליפלנד	-1
ולדיסלב	-1
מזוביה	-1
פרגה	-1
צ'נסטוח'ובה	-1
זמוגיטיה	-1
זמלנד	-1
סלבוניה	-1
דרוה	-1
טיסה	-1
בלטון	-1
ויליצקה	-1
פלטב	-1
קרואטיה	-1
סוה	-1
קלאוזנבורג	-1
פייפוס	-1
אונגה	-1
אינגרמנלנד	-1
טולה	-1
דינבורג	-1
קובן	-1
מריצה	-1
ורדר	-1
דרינה	-1
פיניוס	-1
סלמבריה	-1
קפיסוס	-1
גליפולי	-1
סקוטרי	-1
לריסה	-1
פינדוס	-1
לפנטו	-1
קסטרי	-1
דלפוי	-1
פרנסוס	-1
הליקון	-1
פלופונסוס	-1
קורינתוס	-1
ספרטה	-1
אולימפיה	-1
אונה	-1
טימישורה	-1
קיטו	-1
פיצינצה	-1
זמושץ	753866
ריפת	-1
אילות	295240
פלוס	-1
גואנהני	-1
בהמה	-1
האיטי	-1
נבידד	-1
דומיניקה	-1
גואדלופה	-1
אנטיגוה	-1
איזבל	-1
קומנה	-1
מרגריטה	-1
זנזיבר	-1
מלינדי	-1
פריה	-1
דרין	-1
גואניה	-1
הונדורס	-1
ורגואה	-1
קובגה	-1
גרוזיה	614540
אסטרחן	-1
אנדיר	-1
דונגטינג	-1
בלחש	-1
ון	-1
אומר	-1
צוקצי	-1
איפרטס	-1
גוריב	-1
סטורופול	-1
מוסדוק	-1
קיסליאר	-1
גיאורגיוסק	-1
טיפליס	-1
קורה	-1
גורי	-1
סרטוב	-1
קמישין	-1
צריצין	-1
סקמרה	-1
טרואיצק	-1
קירגיזיה	-1
אורסק	-1
סורגוט	-1
בליה	-1
בוגולמה	-1
פרם	-1
אירן	-1
סילוה	-1
יקטרינבורג	-1
איסט	-1
אירביט	-1
טורה	-1
טובול	-1
טומן	-1
טרה	-1
טום	-1
נרים	-1
קט	-1
יניסיסק	-1
אירקוט	-1
אנגרה	-1
נרצינסק	-1
נרצה	-1
יקוצק	-1
אוחוצק	-1
ניז'נקמצ'צק	-1
אלסקה	-1
הליס	-1
עצי	-1
קיסריה	-1
בישהיר	-1
ג'זירה	-1
טורקמניה	-1
קיטיה	-1
בורסה	-1
סינופ	-1
איזמיט	-1
איסקידר	-1
איזניק	-1
ניקיאה	-1
מניסה	-1
פרגמון	-1
מגנסיה	-1
סיפילוס	-1
פרינקיפו	-1
קרמניה	-1
קוניה	-1
אדנה	-1
איקוניום	-1
קפדוקיה	-1
ניקוסיה	-1
פמגוסטה	146617
לרנקה	-1
מרש	-1
מלטיה	-1
אמנוס	-1
סיוס	-1
אמסיה	-1
טרבזון	-1
ריזה	-1
גירסון	-1
גימישנה	-1
אחלב	-1
אסכנדרון	-1
אלכסנדרטה	-1
לאד'קיה	-1
אנצאריה	-1
כלב	-1
ברותי	-1
מערה	-1
מעלולא	-1
בקאע	-1
קרנטל	-1
משחית	-1
מרדין	-1
דירבכיר	-1
אורפה	-1
אכלציך	-1
בטומי	-1
פוטי	-1
קרס	-1
ארזורום	-1
כרכוך	-1
חלה	-1
כופה	99135
צ'רקסיה	-1
קברדיה	-1
אבחזיה	-1
בלקריה	-1
אחמד	-1
צ'צ'ניה	-1
דגסטן	-1
לזגיסטן	-1
אקושה	-1
אור	-1
גיאורגיסטן	-1
מוסטג	-1
מנגישלק	-1
בלכן	-1
סייהון	-1
טורקסטן	-1
כ'וארזם	-1
אורגנץ	-1
ערביסטן	-1
מסקט	-1
ימן	-1
נבט	-1
עאנה	-1
הנע	-1
עראק	-1
חסא	-1
בחרין	-1
אבלק	-1
ימאמה	-1
עקבה	-1
כעבה	-1
זמזם	-1
גדה	-1
טאיף	-1
תהאמה	-1
ספר	-1
מחא	-1
זביד	-1
לחיה	-1
דמאר	-1
סוקוטרה	-1
טאמרידה	-1
מהרה	-1
צחאר	-1
פארס	-1
ארס	-1
כרמאן	-1
הירקניה	-1
מזנדרן	-1
יזד	-1
מקרן	-1
משהד	-1
בלך	1147290
קבוליסטן	-1
סרינגר	-1
סינד	-1
היידראבאד	-1
אסטראבאד	-1
בלפרוש	-1
גילן	-1
רשט	-1
בקו	-1
אפשרון	-1
דרבנט	566532
ירון	-1
מרנד	-1
אזרבייגן	-1
ארדביל	-1
סלטאניה	-1
אבהר	-1
קזוין	-1
קום	-1
שושטר	-1
כרון	-1
פרספוליס	-1
שיראז	-1
לריסטן	-1
כרבלאא	-1
הינד	-1
ביהר	-1
דקן	-1
בנרס	-1
קשגר	-1
ברהמפוטרה	-1
קמבי	-1
קטק	-1
טפטי	-1
גהט	-1
גודורי	-1
קיסטנה	-1
קוברי	-1
סרירנגם	-1
מלוה	-1
אוריסה	-1
אוגיין	-1
סיפרה	-1
אכבראבאד	-1
ברר	-1
נגפור	-1
בלסור	-1
אודייפור	-1
גודהפור	-1
מולטן	-1
צנב	-1
אמריצר	-1
רוי	-1
הוגלי	-1
וילים	-1
צ'נדרנגור	-1
צינסורה	-1
גוסטב	-1
ברנגר	-1
מרשדאבאד	-1
דקה	-1
גולקונדה	-1
מידנפור	-1
גוגרה	-1
גמטי	-1
פאיזאבאד	-1
פרוכאבאד	-1
בלרמפור	-1
מוסי	-1
קרנטיק	-1
גיאורג	-1
ארקוט	-1
גינגי	-1
גונטור	-1
אלור	-1
רג'מונדרי	-1
מסוליפטנם	-1
טנגור	-1
נגפטינם	-1
קריקל	-1
קולרון	-1
מייסור	-1
דינדיגול	-1
קוימבטור	-1
בנגלור	-1
מדורה	-1
טירוצירפלי	-1
טוטיקורין	-1
טרונקור	-1
רמנד	-1
קילקרי	-1
קומורין	-1
טריונדרום	-1
טריצור	-1
טליצרי	-1
קננור	-1
מנגלור	-1
גואה	-1
דמן	-1
סורט	-1
אירודי	-1
מנם	-1
מקונג	-1
ארקן	-1
טנסרים	-1
רנגון	-1
אמרפורה	-1
מרטבן	-1
סלנג	-1
בנגקוק	-1
איותהיה	-1
אנם	-1
קנדי	-1
נגומבו	-1
טרינקומלי	-1
אנדמן	-1
קורנווליס	-1
ניקובר	-1
פדנג	-1
בנגקולו	-1
פלמבנג	-1
בנגקה	-1
ג'קרטה	-1
סמרנג	-1
גפרה	-1
רמבנג	-1
סורביה	-1
מטרם	-1
סמבס	-1
בנגרמסין	-1
סולו	-1
מקסר	-1
בונה	-1
בוטונג	-1
סליר	-1
בלי	-1
לומבוק	-1
פלורס	-1
קופנג	-1
רוטי	-1
ויקטוריה	-1
מליה	-1
טפול	-1
מינדנאו	-1
סמבואנגה	-1
אנדריאס	-1
פלאו	-1
גואם	-1
סייפן	-1
אגנה	-1
הונן	-1
שנדונג	-1
ננקינג	-1
סצון	-1
גינגשי	-1
פוגין	-1
גונגדונג	-1
גונגשי	-1
היינן	-1
יינן	-1
טונגזיה	-1
סיקים	-1
זייסן	-1
סונגוריה	-1
מיימצ'ין	-1
קירין	-1
ליאודונג	-1
מוקדן	-1
ילו	-1
קולפרט	-1
בהוטן	-1
להסה	-1
פוטלה	-1
קטמנדו	-1
נגסקי	-1
אדו	-1
דשימה	-1
שיקוקו	-1
משחה	-1
אוזל	-1
מנח	-1
אכרון	-1
מיטאו	459281
בלפור	-1
פוניוז	-1
קרטינגה	-1
פלנגה	-1
רגולה	-1
וילקי	-1
יורבורג	598655
לוקניק	-1
סקיתיה	-1
מרקנדה	-1
סוגדינה	-1
כרכמיש	-1
ביבלוס	-1
קרתיה	-1
אוטיקה	-1
לפטיס	-1
פטרה	-1
פריגיה	-1
מיסיה	-1
קריה	-1
פפלגוניה	-1
פוקיאה	-1
מילטוס	-1
הליקרנסוס	-1
אמיסוס	-1
ברקה	-1
אסב	-1
אקסום	-1
סאיס	-1
מנדס	-1
סבניטוס	-1
קירני	-1
נאוקרטיס	-1
הדרומטום	-1
אלישה	-1
אפירוס	-1
מגרה	-1
בויאוטיה	-1
פוקיס	-1
דוריס	-1
איטוליה	-1
מסניה	-1
אליס	-1
ארגוליס	-1
סיקיאון	-1
אובויה	-1
ארגוס	-1
פלופס	-1
סגונטום	-1
קיסאלפינה	-1
ליגוריה	-1
אטרוריה	-1
לטיום	-1
אומבריה	-1
סמניום	-1
קירקי	-1
לוקניה	-1
ברוטיום	-1
אוסטיה	-1
סרדס	-1
מרתון	-1
תרמופילי	-1
מיקלי	-1
קונקסה	-1
אתוס	-1
סלמיס	-1
מנטינאה	-1
כירוניאה	-1
ויי	-1
גרניקוס	-1
איסוס	-1
פמפיליה	-1
פידנה	-1
למיה	-1
קינוסקפלי	-1
קורופדיון	-1
פרתיה	-1
אקטסיפון	-1
פרסלוס	-1
אקטיוב	-1
אוסקולום	-1
אקנומוס	-1
פלקנטיה	-1
טרביה	-1
ארטיום	-1
טרסימנוס	-1
לוזיטניה	-1
קני	-1
נולה	-1
בייקולה	-1
מטאורוס	-1
זמה	-1
ארטריאה	-1
מגלופוליס	-1
נומנטיה	-1
אקוה	-1
קירטה	-1
קורפיניום	-1
אורכומנוס	-1
ברונדיסיום	-1
פרנסטה	-1
טיגרנוקרתא	-1
פיסטויה	6541867
רוביקון	-1
ארימינום	-1
דירכיום	-1
תפסוס	-1
מוטינה	-1
אקויליאה	-1
דמטריס	-1
סקודרה	-1
מיטילני	-1
קירנאיקה	-1
פנוניה	-1
אקטיום	-1
קורקירה	-1
קפלניה	-1
וינדליקיה	-1
ריטיה	-1
נוריקום	-1
אוגוסטה	-1
פלנסיה	-1
דקיה	-1
אבורקום	-1
מורסה	-1
רונה	-1
רימיני	6541863
שלון	-1
ויצנצה	-1
ברגמו	-1
עפרה	-1
פלטל	-1
אלסיאד	-1
סלובודה	-1
קורטוין	-1
סיטה	-1
טגל	-1
הבנה	-1
לינוס	-1
קרקס	3646738
אפורה	-1
קסיקירה	-1
אנגוסטורה	-1
הורן	-1
בטבנו	-1
אנטיסנה	-1
אקפולקו	-1
מלמיזון	-1
בולגר	-1
טיומן	-1
ברבינסק	-1
אלטון	-1
בוגוסלב	-1
אדריה	-1
אסואן	-1
כשולה	-1
נזבל	-1
צבועאל	-1
גמלה	-1
מאפליה	-1
קטלניה	-1
אשדות	-1
גרידוב	-1
אלכסנדרונה	-1
טורצק	-1
פילוה	-1
קילצה	-1
אמשינוב	764269
קלרמון	-1
פילה	-1
שלוק	-1
כיוס	-1
בזיה	-1
קרנגנור	-1
חמיר	-1
מירנדולה	-1
גלמבוקיה	-1
וישליצה	-1
ז'מוד	-1
מלניק	-1
קזימיר	-1
מיח'וב	-1
דרוהיטשין	-1
אולקוש	3090146
וילקובישקי	-1
שרדז	-1
קוניוה	-1
לוקוב	765749
שרפץ	3085941
צ'כנוב	-1
אינפלנטי	-1
סנטורסקה	-1
פוצ'יוב	-1
טלומצקה	-1
קלופוצקה	-1
מריויל	-1
הזנפוט	-1
פילטן	-1
יקובשטט	-1
דורפט	588335
אסטלנד	-1
וורונז'	-1
ניז'ין	-1
נדז'דינו	-1
פבלובסק	-1
פנזה	-1
אומסק	-1
פטרופבלובסק	-1
אורשה	-1
ניקוליב	-1
קורניה	-1
סומי	-1
סדן	-1
מרן	-1
וישי	-1
ויסבדן	2809346
טריקלה	252661
פינצ'וב	762201
פרנצא	-1
מולדה	-1
אתרים	-1
ליש	295356
שפם	-1
דביר	-1
טרופלוביץ	-1
בריס	-1
בתנין	-1
כלקיס	-1
טוליטולה	2510409
בטירא	-1
שלציון	-1
טרשצ'ה	-1
סמילה	-1
שפטובקה	-1
טשרניחוב	-1
ילטושקוב	-1
קוזין	-1
פוגרבישצ'ה	-1
סטרוסוב	-1
צ'רקסי	-1
טריסק	-1
זינקוב	-1
מדודיוקה	-1
טרנורודה	-1
יסניץ	2894948
זלישטשיק	-1
בויאן	-1
רדאוץ	669289
חטין	-1
ליפקני	-1
קודניה	-1
גוריציה	6541866
דובסרי	-1
ארמוריקה	-1
דימוטיקה	-1
דדאגץ'	-1
כ'מארה	-1
כרכלשתא	-1
הם	-1
יטבתה	-1
סנטנדר	-1
אלקלה	-1
ממנדרניא	-1
טובוסו	-1
מונטיאל	-1
לפיסי	-1
בלטיניברוס	-1
סגוביה	3109256
טפרובנה	-1
מוריינה	-1
מיקומיקון	-1
ונדליה	-1
סנסואניה	-1
מדינא	-1
קמפו	-1
מרניון	-1
הרדורה	-1
טמבלקה	-1
ברטריה	-1
זויהיל	-1
ניקופול	728782
